ORD,Site,TempSite,Region,SitePeriod,SiteNum,NameSort,SiteCode,SiteName,FieldSite Region,,,FieldSite Period,SurveyYearNumber,Supervisor,Map,North,East,Elev,ElevMed,ElevMin,ElevMax,EZcode,EnvironmentalZone,Soil,SoilMed,SoilMin,SoilMax,Erosion,ErosionMed,ErosionMin,ErosionMax,OtherSiteAggreg,SpatialDiff,VisibFactors,ModernUse,ModernSettlement,Rainfall,Area,MoundDomestic,MoundCeremonial,MoundQuestionable,MoundTotal,MoundRecorded,DMoundArea,VagueMounding,Architecture,TerraceConfidence,TerraceExtent,Sherd1,Sherd2,Sherd3,Sherd4,RubbleSite,WallBases,Walls,Rubble,Population,PopMin,PopMax,RevPopMethod,PopMethod,stcode,SiteType,SubPeriod1,SubPeriod2,OccEF,OccMF,OccLF,OccTF,OccCL,OccEC,OccMC,OccLC,OccET,OccLT,OccAZ,OccEA,OccLA,OccTot,Group,Comments,NorthOld,EastOld,NorthGIS,EastGIS,Recnum
601,CU-AZ-1,,CU,AZ,1,CU-AZ-001,0,,,,,,,,,2175.78,474,2280,0,0,0,,Lower Piedmont,Deep,,,,Slight-Moderate,,,,,,,Agricultural,,700,0.4,,,,,,,,FALSE,,,L,,,,,,,,4,2,4,,AD,,Small Hamlet,0,0,0,0,0,0,0,1,1,1,0,1,0,1,0,0,4,,2176,474,2175780,474000,3139
602,CU-AZ-2,,CU,AZ,2,CU-AZ-002,0,,,,,,,,,2176.35,473,2300,0,0,0,,Lower Piedmont,Shallow-Medium,,,,Slight,,,,,,,Settlement & Agri,,700,4.1,,,,,,,,FALSE,,,L,LM,,,,,,,48,23,48,,AD,,Hamlet,0,0,0,0,0,0,0,1,1,0,2,1,0,0,0,0,4,,2176,473,2176350,473000,3140
603,CU-AZ-3,,CU,AZ,3,CU-AZ-003,0,,,,,,,,,2176.64,472,2294,0,0,0,,Deep Soil Alluvium,Medium,,,,None,,,,,,,"Graz, Agri, & Set",,720,3,,,,,,,,FALSE,,,LM,,,,,,,,75,30,75,,AD,,Hamlet,0,0,0,1,0,0,0,0,0,0,0,2,0,1,0,0,4,,2177,472,2176640,472000,3141
604,CU-AZ-4,,CU,AZ,4,CU-AZ-004,0,,,,,,,,,2176.08,472,2295,0,0,0,,Lower Piedmont,Shallow,,,,Slight,,,,,,,Settlement & Agri,,720,0.2,,,,,,,,FALSE,,,L,,,,,,,,2,1,2,,AD,,Small Hamlet,0,0,0,0,0,0,0,0,0,0,0,0,0,0,0,0,4,,2176,472,2176080,472000,3142
605,CU-AZ-5,,CU,AZ,5,CU-AZ-005,0,,,,,,,,,2176.17,472,2290,0,0,0,,Lower Piedmont,Shallow,,,,Slight,,,,,,,Settlement & Agri,,730,0.3,,,,,,,,FALSE,,,L,,,,,,,,3,2,3,,AD,,Small Hamlet,0,0,0,0,0,0,0,0,0,0,0,0,0,0,0,0,4,,2176,472,2176170,472000,3143
606,CU-AZ-6,,CU,AZ,6,CU-AZ-006,0,,,,,,,,,2176.55,472,2285,0,0,0,,Lower Piedmont-Hill,Deep,,,,None,,,,,,,Agricultural,,740,2,1,,,,,352,,FALSE,,,L,LM,,,,,,,41,17,41,,AD,,Hamlet,0,0,0,2,1,0,0,0,0,0,0,1,0,0,0,0,4,,2177,472,2176550,472000,3144
607,CU-AZ-7,,CU,AZ,7,CU-AZ-007,0,,,,,,,,,2176.08,472,2300,0,0,0,,Lower Piedmont,Shallow-Medium,,,,None,,,,,,,Settlement & Agri,,740,3.5,,,,,,,,FALSE,,,L,M,,,,,,,73,28,73,,AD,,Hamlet,0,0,0,0,0,0,0,0,0,0,1,1,0,0,0,0,4,,2176,472,2176080,472000,3145
608,CU-AZ-8,,CU,AZ,8,CU-AZ-008,0,,,,,,,,,2175.63,472,2323,0,0,0,,Lower Piedmont,Shallow,,,,Slight,,,,,,,Settlement & Agri,,730,0.5,,,,,,,,FALSE,,,L,,,,,,,,5,3,5,,AD,,Small Hamlet,0,0,0,0,0,0,0,0,0,0,0,0,0,0,0,0,4,,2176,472,2175630,472000,3146
609,CU-AZ-9,,CU,AZ,9,CU-AZ-009,0,,,,,,,,,2175.63,471,2315,0,0,0,,Lower Piedmont,Shallow,,,,None,,,,,,,Agricultural,,760,2,,,,,,,,FALSE,,,L,M,,,,,,,60,30,60,,AD,,Hamlet,0,0,0,0,0,0,0,0,0,0,0,0,0,0,0,0,4,,2176,471,2175630,471000,3147
610,CU-AZ-10,,CU,AZ,10,CU-AZ-010,0,,,,,,,,,2175.09,471,2325,0,0,0,,Lower Piedmont,Shallow-Medium,,,,Slight,,,,,,,Agricultural,,770,1.5,1,,,,,2500,,FALSE,,,L,,,,,,,,15,8,15,,HC,,Small Hamlet,0,0,0,0,1,0,0,0,0,0,0,0,0,0,0,0,4,,2175,471,2175090,471000,3148
611,CU-AZ-11,,CU,AZ,11,CU-AZ-011,0,,,,,,,,,2174.8,471,2340,0,0,0,,Lower Piedmont,Shallow,,,,Moderate,,,,,,,Grazing & Agri,,780,3.8,,,,,,,,FALSE,,,LM,,,,,,,,95,38,95,,AD,,Hamlet,0,0,0,0,0,0,0,0,0,1,0,0,0,0,0,0,4,,2175,471,2174800,471000,3149
612,CU-AZ-12,,CU,AZ,12,CU-AZ-012,0,,,,,,,,,2174.89,471,2335,0,0,0,,Lower Piedmont,Shallow,,,,Deep,,,,,,,Agricultural,,770,0.8,,,,,,,,FALSE,,,L,,,,,,,,8,4,8,,AD,,Small Hamlet,0,0,0,0,0,0,0,0,0,0,0,0,0,0,0,0,4,,2175,471,2174890,471000,3150
613,CU-AZ-13,,CU,AZ,13,CU-AZ-013,0,,,,,,,,,2175.13,471,2305,0,0,0,,Lower Piedmont,Shallow,,,,None,,,,,,,Settlement & Agri,,780,2,1,,,,,1600,,TRUE,,,VL,L,,,,,,,10,4,10,,HC,,Small Hamlet,0,0,0,0,0,0,0,0,0,0,0,1,0,0,0,0,4,,2175,471,2175130,471000,3151
614,CU-AZ-14,,CU,AZ,14,CU-AZ-014,0,,,,,,,,,2175.32,470,2328,0,0,0,,Lower Piedmont,Shallow-Medium,,,,None,,,,,,,Settlement & Agri,,810,11.3,,,,,,,,FALSE,,,L,,,,,,,,113,57,113,,AD,,Sm Disp Village,0,0,0,1,0,1,0,1,0,0,0,1,0,0,0,0,4,,2175,470,2175320,470000,3152
615,CU-AZ-15,,CU,AZ,15,CU-AZ-015,0,,,,,,,,,2175.6,471,2303,0,0,0,,Lower Piedmont,Shallow,,,,Slight-Moderate,,,,,,,Settlement & Agri,,780,1.4,,,,,,,,FALSE,,,VL,L,,,,,,,7,3,7,,AD,,Small Hamlet,0,0,0,0,0,0,0,0,0,0,0,1,0,0,0,0,4,,2176,471,2175600,471000,3153
616,CU-AZ-16,,CU,AZ,16,CU-AZ-016,0,,,,,,,,,2175.43,470,2315,0,0,0,,Lower Piedmont,Deep,,,,Slight,,,,,,,Settlement & Agri,,790,0.9,,,,,,,,FALSE,,,L,,,,,,,,9,5,9,,AD,,Small Hamlet,0,0,0,0,0,0,0,0,0,0,0,0,0,0,0,0,4,,2175,470,2175430,470000,3154
617,CU-AZ-17,,CU,AZ,17,CU-AZ-017,0,,,,,,,,,2176.15,470,2325,0,0,0,,Lower Piedmont,Medium-Deep,,,,None,,,,,,,Settlement & Agri,,790,2,,,,,,,,FALSE,,,VL,L,,,,,,,10,4,10,,AD,,Small Hamlet,0,0,0,0,0,0,0,0,0,0,0,1,0,0,0,0,4,,2176,470,2176150,470000,3155
618,CU-AZ-18,,CU,AZ,18,CU-AZ-018,0,,,,,,,,,2176.69,470,2305,0,0,0,,Lower Piedmont,Shallow,,,,Slight,,,,,,,Settlement & Agri,,770,0.6,,,,,,,,FALSE,,,LM,,,,,,,,15,6,15,,AD,,Small Hamlet,0,0,0,0,0,0,0,0,0,0,0,0,0,0,0,0,4,,2177,470,2176690,470000,3156
619,CU-AZ-19,,CU,AZ,19,CU-AZ-019,0,,,,,,,,,2176.62,470,2323,0,0,0,,Lower Piedmont,Shallow-Medium,,,,Slight,,,,,,,Settlement & Agri,,780,0.5,,,,,,,,FALSE,,,LM,,,,,,,,13,5,13,,AD,,Small Hamlet,0,0,0,0,0,0,0,0,0,0,0,0,0,0,0,0,4,,2177,470,2176620,470000,3157
620,CU-AZ-20,,CU,AZ,20,CU-AZ-020,0,,,,,,,,,2176.22,470,2350,0,0,0,,Middle Piedmont,Medium,,,,Slight,,,,,,,Settlement & Agri,,800,0.5,,,,,,,,FALSE,,,LM,,,,,,,,13,5,13,,AD,,Small Hamlet,0,0,0,0,0,0,0,0,0,0,0,0,0,0,0,0,4,,2176,470,2176220,470000,3158
621,CU-AZ-21,,CU,AZ,21,CU-AZ-021,0,,,,,,,,,2175.89,469,2340,0,0,0,,Lower Piedmont,Shallow,,,,Slight-Moderate,,,,,,,Settlement & Agri,,810,1,,,,,,,,FALSE,,,L,,,,,,,,10,5,10,,AD,,Small Hamlet,0,0,0,0,0,0,0,0,0,0,0,0,0,0,0,0,4,,2176,469,2175890,469000,3159
622,CU-AZ-22,,CU,AZ,22,CU-AZ-022,0,,,,,,,,,2175.42,469,2325,0,0,0,,Lower Piedmont,Shallow,,,,Slight,,,,,,,Agricultural,,820,1,,,,,,,,FALSE,,,VL,L,,,,,,,5,2,5,,AD,,Small Hamlet,0,0,0,0,0,0,0,0,0,0,0,0,0,0,0,0,4,,2175,469,2175420,469000,3160
623,CU-AZ-23,,CU,AZ,23,CU-AZ-023,0,,,,,,,,,2175.24,469,2325,0,0,0,,Lower Piedmont,Shallow,,,,Slight,,,,,,,Agricultural,,830,0.3,,,,,,,,FALSE,,,VL,L,,,,,,,2,1,2,,AD,,Small Hamlet,0,0,0,0,0,0,0,0,0,0,0,0,0,0,0,0,4,,2175,469,2175240,469000,3161
624,CU-AZ-24,,CU,AZ,24,CU-AZ-024,0,,,,,,,,,2176.42,469,2373,0,0,0,,Middle Piedmont,Shallow-Medium,,,,Moderate,,,,,,,Settlement & Agri,,820,2.5,,,,,,,,FALSE,,,LM,,,,,,,,63,25,63,,AD,,Hamlet,0,0,0,0,0,0,0,0,0,0,0,0,0,0,0,0,4,,2176,469,2176420,469000,3162
625,CU-AZ-25,,CU,AZ,25,CU-AZ-025,0,,,,,,,,,2176.22,469,2365,0,0,0,,Middle Piedmont,Deep,,,,None,,,,,,,Settlement & Agri,,810,0.6,,,,,,,,FALSE,,,LM,,,,,,,,15,6,15,,AD,,Small Hamlet,0,0,0,0,1,0,0,0,0,0,0,1,0,1,0,0,4,,2176,469,2176220,469000,3163
626,CU-AZ-26,,CU,AZ,26,CU-AZ-026,0,,,,,,,,,2177.05,469,2340,0,0,0,,Lower Piedmont,Shallow-Medium,,,,Slight,,,,,,,Agricultural,,810,0.2,,,,,,,,FALSE,,,L,,,,,,,,2,1,2,,AD,,Small Hamlet,0,0,0,0,0,0,0,0,0,0,0,0,0,0,0,0,4,,2177,469,2177050,469000,3164
627,CU-AZ-27,,CU,AZ,27,CU-AZ-027,0,,,,,,,,,2177.13,469,2335,0,0,0,,Lower Piedmont,Shallow-Medium,,,,Slight,,,,,,,Agricultural,,810,1.1,,,,,,,,FALSE,,,VL,L,,,,,,,5,2,5,,AD,,Small Hamlet,0,0,0,0,0,0,0,0,0,0,0,0,0,0,0,0,4,,2177,469,2177130,469000,3165
628,CU-AZ-28,,CU,AZ,28,CU-AZ-028,0,,,,,,,,,2176.7,470,2325,0,0,0,,Lower Piedmont,Medium,,,,Slight,,,,,,,Settlement & Agri,,800,0.7,,,,,,,,FALSE,,,L,,,,,,,,7,4,7,,AD,,Small Hamlet,0,0,0,0,0,0,0,0,0,0,0,0,0,0,0,0,4,,2177,470,2176700,470000,3166
629,CU-AZ-29,,CU,AZ,29,CU-AZ-029,0,,,,,,,,,2176.73,470,2315,0,0,0,,Lower Piedmont,Medium,,,,Slight,,,,,,,Settlement & Agri,,790,0.8,,,,,,,,FALSE,,,L,,,,,,,,8,4,8,,AD,,Small Hamlet,0,0,0,0,0,0,0,0,0,0,0,0,0,0,0,0,4,,2177,470,2176730,470000,3167
630,CU-AZ-30,,CU,AZ,30,CU-AZ-030,0,,,,,,,,,2177.52,470,2320,0,0,0,,Lower Piedmont,Shallow-Medium,,,,Slight,,,,,,,Settlement & Agri,,770,1.3,,,,,,,,FALSE,,,LM,,,,,,,,33,13,33,,AD,,Hamlet,0,0,0,0,0,0,0,0,0,0,0,0,0,0,0,0,4,,2178,470,2177520,470000,3168
631,CU-AZ-31,,CU,AZ,31,CU-AZ-031,0,,,,,,,,,2177.56,470,2315,0,0,0,,Lower Piedmont,Medium,,,,Moderate,,,,,,,Settlement & Agri,,780,0.6,,,,,,,,FALSE,,,L,,,,,,,,6,3,6,,AD,,Small Hamlet,0,0,0,0,0,0,0,0,0,0,0,0,0,0,0,0,4,,2178,470,2177560,470000,3169
632,CU-AZ-32,,CU,AZ,32,CU-AZ-032,0,,,,,,,,,2177.88,469,2340,0,0,0,,Lower Piedmont,Shallow-Medium,,,,Slight-Moderate,,,,,,,Settlement & Agri,,800,2.3,,,,,,,,FALSE,,,MH,,,,,,,,30,15,30,,AD,,Hamlet,0,0,0,0,0,0,0,0,0,0,0,0,0,0,0,0,4,,2178,469,2177880,469000,3170
633,CU-AZ-33,,CU,AZ,33,CU-AZ-033,0,,,,,,,,,2179.27,469,2350,0,0,0,,Lower Piedmont,Shallow,,,,Moderate,,,,,,,Grazing,,800,1.5,,,,,,,,FALSE,,,L,,,,,,,,15,8,15,,AD,,Small Hamlet,0,0,0,0,0,0,0,0,0,0,0,0,0,0,0,0,4,,2179,469,2179270,469000,3171
634,CU-AZ-34,,CU,AZ,34,CU-AZ-034,0,,,,,,,,,2179.06,470,2365,0,0,0,,Middle Piedmont,Medium,,,,None,,,,,,,Agricultural,,780,0.3,,,,,,,,FALSE,,,L,,,,,,,,3,2,3,,AD,,Small Hamlet,0,0,0,0,0,0,0,0,0,0,0,0,0,0,0,0,4,,2179,470,2179060,470000,3172
635,CU-AZ-35,,CU,AZ,35,CU-AZ-035,0,,,,,,,,,2179.28,470,2370,0,0,0,,Middle Piedmont,Shallow,,,,None,,,,,,,Agricultural,,760,0.6,,,,,,,,FALSE,,,LM,,,,,,,,15,6,15,,AD,,Small Hamlet,0,0,0,0,0,0,0,0,0,0,0,1,0,1,0,0,4,,2179,470,2179280,470000,3173
636,CU-AZ-36,,CU,AZ,36,CU-AZ-036,0,,,,,,,,,2178.31,470,2353,0,0,0,,Middle Piedmont,Very Shallow,,,,Deep,,,,,,,Agricultural,,770,1,,,,,,,,FALSE,,,L,,,,,,,,10,5,10,,AD,,Small Hamlet,0,0,0,0,0,0,0,0,0,0,0,0,0,0,0,0,4,,2178,470,2178310,470000,3174
637,CU-AZ-37,,CU,AZ,37,CU-AZ-037,0,,,,,,,,,2178.24,470,2340,0,0,0,,Lower Piedmont,Very Shallow,,,,Deep,,,,,,,Agricultural,,770,0.5,,,,,,,,FALSE,,,L,,,,,,,,5,3,5,,AD,,Small Hamlet,0,0,0,0,0,0,0,0,0,0,0,0,0,0,0,0,4,,2178,470,2178240,470000,3175
638,CU-AZ-38,,CU,AZ,38,CU-AZ-038,0,,,,,,,,,2177.75,470,2338,0,0,0,,Lower Piedmont,Medium-Deep,,,,None,,,,,,,Settlement & Agri,,770,2.4,,,,,,,,FALSE,,,L,,,,,,,,24,12,24,,AD,,Hamlet,0,0,0,0,0,0,0,0,0,0,0,1,0,1,0,0,4,,2178,470,2177750,470000,3176
639,CU-AZ-39,,CU,AZ,39,CU-AZ-039,0,,,,,,,,,2177.73,471,2338,0,0,0,,Lower Piedmont,Shallow-Medium,,,,None,,,,,,,Settlement & Agri,,750,2.9,,,,,,,,FALSE,,,LM,,,,,,,,73,29,73,,AD,,Hamlet,0,0,0,0,2,0,0,1,1,1,0,0,0,1,0,0,4,,2178,471,2177730,471000,3177
640,CU-AZ-40,,CU,AZ,40,CU-AZ-040,0,,,,,,,,,2177.4,471,2323,0,0,0,,Lower Piedmont,Shallow-Medium,,,,Slight,,,,,,,Settlement & Agri,,760,2.9,,,,,,,,FALSE,,,L,,,,,,,,29,15,29,,AD,,Hamlet,0,0,0,0,0,0,0,0,0,0,0,1,0,0,0,0,4,,2177,471,2177400,471000,3178
641,CU-AZ-41,,CU,AZ,41,CU-AZ-041,0,,,,,,,,,2177.68,472,2310,0,0,0,,Lower Piedmont,Shallow,,,,Slight,,,,,,,Agricultural,,720,1.2,,,,,,,,FALSE,,,L,,,,,,,,12,6,12,,AD,,Small Hamlet,0,0,0,0,0,0,0,0,0,0,0,0,0,0,0,0,4,,2178,472,2177680,472000,3179
642,CU-AZ-42,,CU,AZ,42,CU-AZ-042,0,,,,,,,,,2178.22,472,2338,0,0,0,,Lower Piedmont,Shallow,,,,Moderate,,,,,,,Agricultural,,710,0.3,,,,,,,,FALSE,,,L,,,,,,,,3,1,3,,AD,,Small Hamlet,0,0,0,0,0,0,0,0,0,0,0,0,0,0,0,0,4,,2178,472,2178220,472000,3180
643,CU-AZ-43,,CU,AZ,43,CU-AZ-043,0,,,,,,,,,2178.6,471,2453,0,0,0,,Middle Piedmont,Shallow,,,,None,,,,,,,Grazing,,730,1.9,,,,,,,,FALSE,,,VL,,,,,,,,0,0,0,,AD,,Ceremonial Ctr,0,0,0,0,0,0,0,0,0,0,0,0,0,0,0,0,4,,2179,471,2178600,471000,3181
644,CU-AZ-44,,CU,AZ,44,CU-AZ-044,0,,,,,,,,,2178.38,472,2328,0,0,0,,Lower Piedmont,Shallow,,,,Moderate,,,,,,,Agricultural,,710,0.3,,,,,,,,FALSE,,,L,,,,,,,,3,1,3,,AD,,Small Hamlet,0,0,0,0,0,0,0,0,0,0,0,0,0,0,0,0,4,,2178,472,2178380,472000,3182
645,CU-AZ-45,,CU,AZ,45,CU-AZ-045,0,,,,,,,,,2178.1,472,2315,0,0,0,,Lower Piedmont,Medium,,,,Slight,,,,,,,Agricultural,,710,2,,,,,,,,FALSE,,,L,,,,,,,,20,10,20,,AD,,Small Hamlet,0,0,0,0,0,0,0,0,0,0,0,0,0,0,0,0,4,,2178,472,2178100,472000,3183
646,CU-AZ-46,,CU,AZ,46,CU-AZ-046,0,,,,,,,,,2177.8,473,2310,0,0,0,,Lower Piedmont,Deep,,,,None,,,,,,,Settlement & Agri,,700,2.5,,,,,,,,FALSE,,,L,,,,,,,,25,13,25,,AD,,Hamlet,0,0,0,0,0,0,0,0,0,0,0,0,0,0,0,0,4,,2178,473,2177800,473000,3184
647,CU-AZ-47,,CU,AZ,47,CU-AZ-047,0,,,,,,,,,2177.25,473,2279,0,0,0,,Deep Soil Alluvium,Deep,,,,None,,,,,,,Settlement & Agri,,700,0.7,,,,,,,,FALSE,,,M,,,,,,,,35,18,35,,AD,,Hamlet,0,0,0,1,0,0,0,0,0,0,0,1,0,0,0,0,4,,2177,473,2177250,473000,3185
648,CU-AZ-48,,CU,AZ,48,CU-AZ-048,0,,,,,,,,,2177.55,473,2279,0,0,0,,Deep Soil Alluvium,Deep,,,,None,,,,,,,Agricultural,,700,0.5,,,,,,,,FALSE,,,LM,,,,,,,,13,5,13,,AD,,Small Hamlet,0,0,0,0,0,0,0,0,0,0,0,0,0,0,0,0,4,,2178,473,2177550,473000,3186
649,CU-AZ-49,,CU,AZ,49,CU-AZ-049,0,,,,,,,,,2177.06,474,2268,0,0,0,,Deep Soil Alluvium,Shallow,,,,Slight,,,,,,,Settlement & Agri,,700,2.5,,,,,,,,FALSE,,,L,,,,,,,,25,13,25,,AD,,Hamlet,0,0,0,0,0,0,0,0,0,0,1,0,0,0,0,0,4,,2177,474,2177060,474000,3187
650,CU-AZ-50,,CU,AZ,50,CU-AZ-050,0,,,,,,,,,2177.34,474,2265,0,0,0,,Deep Soil Alluvium,Deep,,,,None,,,,,,,Agricultural,,700,0.2,1,,,,,625,,FALSE,,,VL,L,,,,,,,2,1,2,,HC,,Small Hamlet,0,0,0,0,0,0,0,0,0,0,0,1,0,1,0,0,4,,2177,474,2177340,474000,3188
651,CU-AZ-51,,CU,AZ,51,CU-AZ-051,0,,,,,,,,,2177.95,474,2280,0,0,0,,Lower Piedmont,Deep,,,,Slight,,,,,,,Settlement & Agri,,700,0.7,,,,,,,,FALSE,,,LM,,,,,,,,18,7,18,,AD,,Small Hamlet,0,0,0,0,0,0,0,1,1,1,0,1,0,0,0,0,4,,2178,474,2177950,474000,3189
652,CU-AZ-52,,CU,AZ,52,CU-AZ-052,0,,,,,,,,,2178.89,474,2318,0,0,0,,Lower Piedmont,Medium,,,,None,,,,,,,Settlement & Agri,,700,21,,,,,,,,FALSE,,,L,LM,,,,,,,285,130,285,,AD,,Sm Disp Village,0,0,0,0,0,0,0,0,0,0,0,0,0,0,0,0,4,,2179,474,2178890,474000,3190
653,CU-AZ-53,,CU,AZ,53,CU-AZ-053,0,,,,,,,,,2178.22,473,2288,0,0,0,,Lower Piedmont,Deep,,,,None,,,,,,,Agricultural,,700,0.5,,,,,,,,FALSE,,,LM,,,,,,,,13,5,13,,AD,,Small Hamlet,0,0,0,0,2,1,0,0,0,0,0,0,0,0,0,0,4,,2178,473,2178220,473000,3191
654,CU-AZ-54,,CU,AZ,54,CU-AZ-054,0,,,,,,,,,2178.79,473,2318,0,0,0,,Lower Piedmont,Shallow-Medium,,,,Slight,,,,,,,Agricultural,,700,6,,,,,,,,FALSE,,,L,LM,,,,,,,75,35,75,,AD,,Hamlet,0,0,0,0,0,0,0,0,0,0,0,0,0,0,0,0,4,,2179,473,2178790,473000,3192
655,CU-AZ-55,,CU,AZ,55,CU-AZ-055,0,,,,,,,,,2179.34,473,2365,0,0,0,,Middle Piedmont,Shallow-Medium,,,,Moderate,,,,,,,Agricultural,,700,3,,,,,,,,FALSE,,,L,,,,,,,,30,15,30,,AD,,Hamlet,0,0,0,0,0,0,0,0,0,0,0,0,0,0,0,0,4,,2179,473,2179340,473000,3193
656,CU-AZ-56,,CU,AZ,56,CU-AZ-056,0,,,,,,,,,2179.52,473,2360,0,0,0,,Middle Piedmont,Very Shallow,,,,Moderate,,,,,,,Agricultural,,700,1,,,,,,,,FALSE,,,LM,,,,,,,,25,10,25,,AD,,Hamlet,0,0,0,0,0,0,0,0,0,0,0,0,0,0,0,0,4,,2180,473,2179520,473000,3194
657,CU-AZ-57,,CU,AZ,57,CU-AZ-057,0,,,,,,,,,2180.07,473,2400,0,0,0,,Middle Piedmont,Very Shallow,,,,Moderate-Deep,,,,,,,Grazing,,700,27,,,,,,,,FALSE,,,L,,,,,,,,1350,675,1350,,AD,,Lg Nucl Village,0,0,0,0,0,0,0,0,0,0,0,0,0,0,0,0,4,,2180,473,2180070,473000,3195
658,CU-AZ-58,,CU,AZ,58,CU-AZ-058,0,,,,,,,,,2179.39,474,2305,0,0,0,,Lower Piedmont,Shallow-Medium,,,,Moderate,,,,,,,Agricultural,,690,0.5,,,,,,,,FALSE,,,L,,,,,,,,5,3,5,,AD,,Small Hamlet,0,0,0,0,0,0,0,0,0,0,0,0,0,0,0,0,4,,2179,474,2179390,474000,3196
659,CU-AZ-59,,CU,AZ,59,CU-AZ-059,0,,,,,,,,,2178.71,474,2280,0,0,0,,Lower Piedmont,Medium,,,,None,,,,,,,Settlement & Agri,,690,1,,,,,,,,FALSE,,,L,,,,,,,,10,5,10,,AD,,Small Hamlet,0,0,0,0,0,0,0,0,0,0,0,0,0,0,0,0,4,,2179,474,2178710,474000,3197
660,CU-AZ-60,,CU,AZ,60,CU-AZ-060,0,,,,,,,,,2178.65,474,2283,0,0,0,,Lower Piedmont,Very Shallow,,,,None,,,,,,,Settlement & Agri,,690,1.3,,,,,,,,FALSE,,,L,,,,,,,,13,7,13,,AD,,Small Hamlet,0,0,0,0,0,0,0,0,0,0,0,1,0,0,0,0,4,,2179,474,2178650,474000,3198
661,CU-AZ-61,,CU,AZ,61,CU-AZ-061,0,,,,,,,,,2178.4,474,2275,0,0,0,,Lower Piedmont,Deep,,,,Slight,,,,,,,Settlement & Agri,,690,0.9,,,,,,,,FALSE,,,L,,,,,,,,9,5,9,,AD,,Small Hamlet,0,0,0,0,0,0,0,0,0,0,0,0,0,0,0,0,4,,2178,474,2178400,474000,3199
662,CU-AZ-62,,CU,AZ,62,CU-AZ-062,0,,,,,,,,,2178.39,475,2273,0,0,0,,Deep Soil Alluvium,Shallow-Medium,,,,Moderate,,,,,,,Settlement & Agri,,690,0.5,,,,,,,,FALSE,,,M,,,,,,,,25,13,25,,AD,,Hamlet,0,0,0,0,0,0,0,0,0,0,0,1,0,0,0,0,4,,2178,475,2178390,475000,3200
663,CU-AZ-63,,CU,AZ,63,CU-AZ-063,0,,,,,,,,,2178.3,475,2265,0,0,0,,Deep Soil Alluvium,Deep,,,,Slight,,,,,,,Settlement & Agri,,690,2,,,,,,,,FALSE,,,L,M,H,,,,,,164,82,164,,AD,,Sm Nucl Village,0,0,0,0,0,0,0,0,0,0,0,1,0,1,0,0,4,,2178,475,2178300,475000,3201
664,CU-AZ-64,,CU,AZ,64,CU-AZ-064,0,,,,,,,,,2178.95,474,2288,0,0,0,,Lower Piedmont,Deep,,,,None,,,,,,,Settlement & Agri,,690,22.4,,,,,,,,FALSE,,,L,M,H,,,,,,542,272,542,,AD,,Lg Disp Village,0,0,0,0,0,0,0,1,1,2,0,1,0,1,0,0,4,,2179,474,2178950,474000,3202
665,CU-AZ-65,,CU,AZ,65,CU-AZ-065,0,,,,,,,,,2179.54,475,2300,0,0,0,,Lower Piedmont,Medium-Deep,,,,Slight,,,,,,,Agricultural,,690,0.2,,,,,,,,FALSE,,,L,,,,,,,,2,1,2,,AD,,Small Hamlet,0,0,0,0,0,0,0,0,0,0,0,0,0,0,0,0,4,,2180,475,2179540,475000,3203
666,CU-AZ-66,,CU,AZ,66,CU-AZ-066,0,,,,,,,,,2179.53,474,2318,0,0,0,,Lower Piedmont,Shallow-Medium,,,,Slight,,,,,,,Agricultural,,690,5.1,,,,,,,,FALSE,,,LM,,,,,,,,128,51,128,,AD,,Sm Nucl Village,0,0,0,0,0,0,0,1,1,1,0,0,0,1,0,0,4,,2180,474,2179530,474000,3204
667,CU-AZ-67,,CU,AZ,67,CU-AZ-067,0,,,,,,,,,2179.96,474,2393,0,0,0,,Middle Piedmont,Shallow,,,,Moderate-Deep,,,,,,,Grazing,,690,10,,,,,,,,FALSE,,,L,M,H,,,,,,505,253,505,,AD,,Lg Nucl Village,0,0,0,0,0,0,0,0,0,0,0,1,0,0,0,0,4,,2180,474,2179960,474000,3205
668,CU-AZ-68,,CU,AZ,68,CU-AZ-068,0,,,,,,,,,2179.68,475,2290,0,0,0,,Lower Piedmont,Medium-Deep,,,,Slight,,,,,,,Agricultural,,690,2,,,,,,,,FALSE,,,L,,,,,,,,20,10,20,,AD,,Small Hamlet,0,0,0,0,0,0,0,0,0,0,1,0,0,0,0,0,4,,2180,475,2179680,475000,3206
669,CU-AZ-69,,CU,AZ,69,CU-AZ-069,0,,,,,,,,,2179.86,476,2298,0,0,0,,Lower Piedmont,Shallow,,,,Deep,,,,,,,Settlement & Graz,,690,6,,,,,,,,FALSE,,,L,,,,,,,,60,30,60,,AD,,Hamlet,0,0,0,0,0,0,0,0,0,0,0,1,0,0,0,0,4,,2180,476,2179860,476000,3207
670,CU-AZ-70,,CU,AZ,70,CU-AZ-070,0,,,,,,,,,2180.32,476,2283,0,0,0,,Lower Piedmont,Shallow-Medium,,,,None,,,,,,,Settlement & Agri,,680,1,,,,,,,,FALSE,,,L,,,,,,,,10,5,10,,AD,,Small Hamlet,0,0,0,0,0,0,0,0,0,0,0,0,0,0,0,0,4,,2180,476,2180320,476000,3208
671,CU-AZ-71,,CU,AZ,71,CU-AZ-071,0,,,,,,,,,2179.68,476,2288,0,0,0,,Lower Piedmont,Shallow-Medium,,,,None,,,,,,,Settlement & Agri,,690,0.5,,,,,,,,FALSE,,,L,,,,,,,,5,3,5,,AD,,Small Hamlet,0,0,0,0,0,0,0,0,0,0,0,1,0,0,0,0,4,,2180,476,2179680,476000,3209
672,CU-AZ-72,,CU,AZ,72,CU-AZ-072,0,,,,,,,,,2179.44,475,2285,0,0,0,,Lower Piedmont,Medium-Deep,,,,None,,,,,,,Settlement & Agri,,690,0.5,,,,,,,,FALSE,,,L,,,,,,,,5,3,5,,AD,,Small Hamlet,0,0,0,0,0,0,0,0,0,0,0,0,0,0,0,0,4,,2179,475,2179440,475000,3210
673,CU-AZ-73,,CU,AZ,73,CU-AZ-073,0,,,,,,,,,2179.03,476,2280,0,0,0,,Lower Piedmont,Medium,,,,None,,,,,,,Settlement & Agri,,690,13,,,,,,,,FALSE,,,L,M,H,,,,,,260,130,260,,AD,,Sm Disp Village,0,0,0,1,1,1,0,1,1,0,0,3,0,1,0,0,4,,2179,476,2179030,476000,3211
674,CU-AZ-74,,CU,AZ,74,CU-AZ-074,0,,,,,,,,,2178.21,476,2261,0,0,0,,Deep Soil Alluvium,Deep,,,,Slight,,,,,,,Agricultural,,680,5,,,,,,,,FALSE,,,L,,,,,,,,50,25,50,,AD,,Hamlet,0,0,0,0,0,0,0,0,0,0,0,0,0,0,0,0,4,,2178,476,2178210,476000,3212
675,CU-AZ-75,,CU,AZ,75,CU-AZ-075,0,Tepotzotlan,,,,,,,,2179.95,477,2285,0,0,0,,Lower Piedmont,Shallow-Medium,,,,Slight,,,,,,,Settlement & Agri,,680,190,,,,,,,,FALSE,,,LM,MH,,,,,,,6188,3075,6188,,AD,,Provincial Ctr,0,0,0,0,4,1,0,2,2,2,0,8,0,1,0,0,4,,2180,477,2179950,477000,3213
676,CU-AZ-76,,CU,AZ,76,CU-AZ-076,0,,,,,,,,,2179.35,478,2257,0,0,0,,Deep Soil Alluvium,Deep,,,,Very Slight,,,,,,,Settlement & Agri,,680,12,,,,,,,,FALSE,,,LM,,,,,,,,300,120,300,,AD,,Sm Nucl Village,0,0,0,1,0,1,0,1,1,1,0,1,0,0,0,0,4,,2179,478,2179350,478000,3214
677,CU-AZ-77,,CU,AZ,77,CU-AZ-077,0,,,,,,,,,2177.57,477,2273,0,0,0,,Deep Soil Alluvium,Shallow-Medium,,,,Slight,,,,,,,Settlement & Agri,,680,16,,,,,,,,FALSE,,,L,,,,,,,,333,138,333,,AD,,Sm Disp Village,0,0,0,0,0,0,0,1,1,0,1,1,0,0,0,0,4,,2178,477,2177570,477000,3215
678,CU-AZ-78,,CU,AZ,78,CU-AZ-078,0,,,,,,,,,2176.02,477,2275,0,0,0,,Lower Piedmont,Medium-Deep,,,,Very Slight,,,,,,,Settlement & Agri,,690,3.6,,,,,,,,FALSE,,,LM,,,,,,,,90,36,90,,AD,,Hamlet,0,0,0,1,1,0,0,0,0,0,0,1,0,1,0,0,4,,2176,477,2176020,477000,3216
679,CU-AZ-79,,CU,AZ,79,CU-AZ-079,0,,,,,,,,,2176.1,475,2280,0,0,0,,Lower Piedmont,Shallow,,,,Slight,,,,,,,Settlement & Agri,,690,1,,,,,,,,FALSE,,,L,,,,,,,,10,5,10,,AD,,Hamlet,0,0,0,0,0,0,0,0,0,0,0,0,0,0,0,0,4,,2176,475,2176100,475000,3217
680,CU-AZ-80,,CU,AZ,80,CU-AZ-080,0,,,,,,,,,2175.04,476,2300,0,0,0,,Lower Piedmont,Shallow,,,,Slight,,,,,,,None,,690,2.3,,,,,,,,FALSE,,,L,,,,,,,,23,12,23,,AD,,Hamlet,0,0,0,0,0,0,0,0,0,0,0,1,0,0,0,0,4,,2175,476,2175040,476000,3218
681,CU-AZ-81,,CU,AZ,81,CU-AZ-081,0,,,,,,,,,2174.61,475,2300,0,0,0,,Lower Piedmont,Shallow-Medium,,,,Slight,,,,,,,Settlement & Agri,,690,2.9,,,,,,,,FALSE,,,L,,,,,,,,29,15,29,,AD,,Hamlet,0,0,0,0,0,0,0,0,0,0,0,1,0,0,0,0,4,,2175,475,2174610,475000,3219
682,CU-AZ-82,,CU,AZ,82,CU-AZ-082,0,,,,,,,,,2174.59,475,2305,0,0,0,,Lower Piedmont,Shallow-Medium,,,,Slight,,,,,,,Agricultural,,700,1.2,,,,,,,,FALSE,,,L,,,,,,,,12,6,12,,AD,,Small Hamlet,0,0,0,0,0,0,0,0,0,0,0,1,0,0,0,0,4,,2175,475,2174590,475000,3220
683,CU-AZ-83,,CU,AZ,83,CU-AZ-083,0,,,,,,,,,2173.78,474,2318,0,0,0,,Lower Piedmont,Shallow,,,,Slight,,,,,,,Agricultural,,730,18,,,,,,,,FALSE,,,L,,,,,,,,180,90,180,,AD,,Sm Disp Village,0,0,0,0,0,0,0,0,0,0,0,0,0,0,0,0,4,,2174,474,2173780,474000,3221
684,CU-AZ-84,,CU,AZ,84,CU-AZ-084,0,,,,,,,,,2173.39,473,2325,0,0,0,,Lower Piedmont,Shallow,,,,Slight,,,,,,,Agricultural,,720,3,,,,,,,,FALSE,,,L,,,,,,,,30,15,30,,AD,,Hamlet,0,0,0,0,0,0,0,0,0,0,0,0,0,0,0,0,4,,2173,473,2173390,473000,3222
685,CU-AZ-85,,CU,AZ,85,CU-AZ-085,0,,,,,,,,,2173.4,475,2278,0,0,0,,Lower Piedmont,Medium,,,,Very Slight,,,,,,,Settlement & Agri,,710,5.3,,,,,,,,FALSE,,,L,,,,,,,,53,27,53,,AD,,Hamlet,0,0,0,0,0,0,0,1,1,1,0,1,0,0,0,0,4,,2173,475,2173400,475000,3223
686,CU-AZ-86,,CU,AZ,86,CU-AZ-086,0,,,,,,,,,2173.19,475,2270,0,0,0,,Lower Piedmont,Shallow,,,,Slight,,,,,,,Agricultural,,700,1,,,,,,,,FALSE,,,L,,,,,,,,10,5,10,,AD,,Small Hamlet,0,0,0,0,0,0,0,0,0,0,0,0,0,0,0,0,4,,2173,475,2173190,475000,3224
687,CU-AZ-87,,CU,AZ,87,CU-AZ-087,0,,,,,,,,,2173.29,475,2270,0,0,0,,Lower Piedmont,Shallow,,,,Slight,,,,,,,Agricultural,,700,1.5,,,,,,,,FALSE,,,LM,,,,,,,,38,15,38,,AD,,Hamlet,0,0,0,0,0,0,0,0,0,0,0,0,0,0,0,0,4,,2173,475,2173290,475000,3225
688,CU-AZ-88,,CU,AZ,88,CU-AZ-088,0,,,,,,,,,2173.15,476,2270,0,0,0,,Lower Piedmont,Shallow,,,,None,,,,,,,Agricultural,,700,1,,,,,,,,FALSE,,,L,,,,,,,,10,5,10,,AD,,Small Hamlet,0,0,0,0,0,0,0,0,0,0,0,0,0,0,0,0,4,,2173,476,2173150,476000,3226
689,CU-AZ-89,,CU,AZ,89,CU-AZ-089,0,,,,,,,,,2172.58,475,2280,0,0,0,,Lower Piedmont,Medium-Deep,,,,Slight,,,,,,,Agricultural,,700,1,,,,,,,,FALSE,,,L,,,,,,,,10,5,10,,AD,,Small Hamlet,0,0,0,1,0,0,0,1,1,1,0,0,0,0,0,0,4,,2173,475,2172580,475000,3227
690,CU-AZ-90,,CU,AZ,90,CU-AZ-090,0,,,,,,,,,2171.81,474,2290,0,0,0,,Lower Piedmont,Shallow-Medium,,,,None,,,,,,,Settlement & Agri,,730,0.4,,,,,,,,FALSE,,,L,,,,,,,,4,2,4,,AD,,Small Hamlet,0,0,0,0,0,0,0,0,0,0,0,0,0,0,0,0,4,,2172,474,2171810,474000,3228
691,CU-AZ-91,,CU,AZ,91,CU-AZ-091,0,,,,,,,,,2171.52,474,2300,0,0,0,,Lower Piedmont,Shallow-Medium,,,,Slight,,,,,,,Settlement & Agri,,740,1.8,,,,,,,,FALSE,,,LM,,,,,,,,45,18,45,,AD,,Hamlet,0,0,0,0,0,0,0,0,0,0,0,1,0,1,0,0,4,,2172,474,2171520,474000,3229
692,CU-AZ-92,,CU,AZ,92,CU-AZ-092,0,,,,,,,,,2171.52,474,2290,0,0,0,,Lower Piedmont,Shallow,,,,Slight,,,,,,,Grazing,,730,0.4,1,,,,,190,,TRUE,,,L,,,,,,,,10,5,10,,HC,,Small Hamlet,0,0,0,0,0,0,0,0,0,0,0,0,0,0,0,0,4,,2172,474,2171520,474000,3230
693,CU-AZ-93,,CU,AZ,93,CU-AZ-093,0,,,,,,,,,2171.18,475,2300,0,0,0,,Lower Piedmont,Shallow,,,,Slight,,,,,,,Agricultural,,730,0.3,,,,,,,,FALSE,,,L,LM,,,,,,,5,2,5,,AD,,Small Hamlet,0,0,0,0,0,0,0,0,0,0,0,0,0,0,0,0,4,,2171,475,2171180,475000,3231
694,CU-AZ-94,,CU,AZ,94,CU-AZ-094,0,,,,,,,,,2170.48,474,2335,0,0,0,,Lower Piedmont,Shallow-Medium,,,,Heavy,,,,,,,Settlement,,740,0.8,,,,,,,,FALSE,,,L,,,,,,,,8,4,8,,AD,,Small Hamlet,0,0,0,0,0,0,0,0,0,0,0,1,0,0,0,0,4,,2170,474,2170480,474000,3232
695,CU-AZ-95,,CU,AZ,95,CU-AZ-095,0,,,,,,,,,2169.91,474,2305,0,0,0,,Lower Piedmont,Shallow-Medium,,,,Slight,,,,,,,Settlement,,750,0.4,,,,,,,,FALSE,,,L,,,,,,,,4,2,4,,AD,,Small Hamlet,0,0,0,0,0,0,0,0,0,0,0,0,0,0,0,0,4,,2170,474,2169910,474000,3233
696,CU-AZ-96,,CU,AZ,96,CU-AZ-096,0,,,,,,,,,2169.3,475,2315,0,0,0,,Lower Piedmont,Medium,,,,Slight,,,,,,,Settlement,,740,0.2,,,,,,,,FALSE,,,M,,,,,,,,10,5,10,,AD,,Small Hamlet,0,0,0,0,0,0,0,0,0,0,0,0,0,0,0,0,4,,2169,475,2169300,475000,3234
697,CU-AZ-97,,CU,AZ,97,CU-AZ-097,0,,,,,,,,,2170.65,476,2338,0,0,0,,Lower Piedmont,Shallow,,,,Slight,,,,,,,Settlement & Agri,,720,5.2,,,,,,,,FALSE,,,LM,,,,,,,,130,52,130,,AD,,Sm Nucl Village,0,0,0,0,0,0,0,0,0,0,0,1,0,0,0,0,4,,2171,476,2170650,476000,3235
698,CU-AZ-98,,CU,AZ,98,CU-AZ-098,0,,,,,,,,,2171.41,476,2305,0,0,0,,Lower Piedmont,Medium-Deep,,,,Very Slight,,,,,,,Agricultural,,710,13,,,,,,,,FALSE,,,VL,L,,,,,,,100,47,100,,AD,,Hamlet,0,0,0,0,0,0,0,0,0,0,0,1,0,1,0,0,4,,2171,476,2171410,476000,3236
699,CU-AZ-99,,CU,AZ,99,CU-AZ-099,0,,,,,,,,,2171.51,475,2300,0,0,0,,Lower Piedmont,Shallow-Medium,,,,Slight-Moderate,,,,,,,Settlement & Agri,,710,12.5,,,,,,,,FALSE,,,VL,L,,,,,,,115,53,115,,AD,,Sm Disp Village,0,0,0,1,1,1,0,0,0,0,1,1,0,0,0,0,4,,2172,475,2171510,475000,3237
700,CU-AZ-100,,CU,AZ,100,CU-AZ-100,0,,,,,,,,,2171.98,476,2280,0,0,0,,Lower Piedmont,Medium-Deep,,,,Slight,,,,,,,Agricultural,,700,2.3,,,,,,,,FALSE,,,L,,,,,,,,23,12,23,,AD,,Hamlet,0,0,0,0,0,0,0,0,0,0,0,0,0,0,0,0,4,,2172,476,2171980,476000,3238
701,CU-AZ-101,,CU,AZ,101,CU-AZ-101,0,,,,,,,,,2172.28,476,2278,0,0,0,,Lower Piedmont,Medium-Deep,,,,Very Slight,,,,,,,Agricultural,,700,6.8,,,,,,,,FALSE,,,L,,,,,,,,68,34,68,,AD,,Hamlet,0,0,0,0,0,0,0,0,0,0,0,1,0,0,0,0,4,,2172,476,2172280,476000,3239
702,CU-AZ-102,,CU,AZ,102,CU-AZ-102,0,,,,,,,,,2172.74,476,2280,0,0,0,,Lower Piedmont,Medium-Deep,,,,Very Slight,,,,,,,Settlement & Agri,,700,2.2,,,,,,,,FALSE,,,L,,,,,,,,22,11,22,,AD,,Hamlet,0,0,0,0,0,0,0,0,0,0,0,0,0,0,0,0,4,,2173,476,2172740,476000,3240
703,CU-AZ-103,,CU,AZ,103,CU-AZ-103,0,,,,,,,,,2173.45,477,2268,0,0,0,,Lower Piedmont,Medium-Deep,,,,Slight,,,,,,,Agricultural,,690,9.2,,,,,,,,FALSE,,,LM,,,,,,,,230,92,230,,AD,,Sm Nucl Village,0,0,0,0,0,0,0,0,0,0,0,0,0,0,0,0,4,,2173,477,2173450,477000,3241
704,CU-AZ-104,,CU,AZ,104,CU-AZ-104,0,,,,,,,,,2174.11,477,2270,0,0,0,,Lower Piedmont,Medium-Deep,,,,Slight,,,,,,,Agricultural,,690,1.8,,,,,,,,FALSE,,,L,,,,,,,,18,9,18,,AD,,Small Hamlet,0,0,0,0,0,0,0,0,0,0,0,0,0,0,0,0,4,,2174,477,2174110,477000,3242
705,CU-AZ-105,,CU,AZ,105,CU-AZ-105,0,,,,,,,,,2174.51,477,2270,0,0,0,,Lower Piedmont,Medium-Deep,,,,Very Slight,,,,,,,Settlement,,690,2,,,,,,,,FALSE,,,L,,,,,,,,20,10,20,,AD,,Small Hamlet,0,0,1,2,2,1,0,1,1,1,1,1,0,0,0,0,4,,2175,477,2174510,477000,3243
706,CU-AZ-106,,CU,AZ,106,CU-AZ-106,0,,,,,,,,,2174.69,479,2258,0,0,0,,Deep Soil Alluvium,Deep,,,,Very Slight,,,,,,,Settlement,,680,7,,,,,,,,FALSE,,,LM,,,,,,,,175,70,175,,AD,,Sm Nucl Village,0,0,0,0,0,0,0,0,0,0,0,0,0,0,0,0,4,,2175,479,2174690,479000,3244
707,CU-AZ-107,,CU,AZ,107,CU-AZ-107,0,,,,,,,,,2173.86,480,2263,0,0,0,,Deep Soil Alluvium,Deep,,,,None,,,,,,,Settlement & Graz,,680,16,,,,,,,,FALSE,,,L,,,,,,,,160,80,160,,AD,,Sm Disp Village,0,0,0,1,2,1,0,1,1,1,1,1,0,0,0,0,4,,2174,480,2173860,480000,3245
708,CU-AZ-108,,CU,AZ,108,CU-AZ-108,0,,,,,,,,,2174.5,480,2251,0,0,0,,Deep Soil Alluvium,Deep,,,,Slight,,,,,,,Settlement & Agri,,670,6,,,,,,,,FALSE,,,L,,,,,,,,60,30,60,,AD,,Hamlet,0,0,0,0,0,0,0,0,0,0,0,1,0,0,0,0,4,,2174,480,2174500,480000,3246
709,CU-AZ-109,,CU,AZ,109,CU-AZ-109,0,,,,,,,,,2174.8,480,2251,0,0,0,,Deep Soil Alluvium,Deep,,,,Slight,,,,,,,Settlement & Agri,,670,3,,,,,,,,FALSE,,,L,,,,,,,,30,15,30,,AD,,Hamlet,0,0,0,0,0,0,0,0,0,0,0,0,0,0,0,0,4,,2175,480,2174800,480000,3247
710,CU-AZ-110,,CU,AZ,110,CU-AZ-110,0,,,,,,,,,2175.29,481,2249,0,0,0,,Deep Soil Alluvium,Deep,,,,None,,,,,,,Settlement & Agri,,670,12,,,,,,,,FALSE,,,L,,,,,,,,120,60,120,,AD,,Sm Disp Village,0,0,0,0,0,0,0,0,0,0,0,0,0,0,0,0,4,,2175,481,2175290,481000,3248
711,CU-AZ-111,,CU,AZ,111,CU-AZ-111,0,,,,,,,,,2175.19,480,2250,0,0,0,,Deep Soil Alluvium,Deep,,,,Slight,,,,,,,Settlement & Agri,,670,1.5,,,,,,,,FALSE,,,L,,,,,,,,15,8,15,,AD,,Small Hamlet,0,0,0,0,0,0,0,0,0,0,0,0,0,0,0,0,4,,2175,480,2175190,480000,3249
712,CU-AZ-112,,CU,AZ,112,CU-AZ-112,0,,,,,,,,,2175.9,480,2249,0,0,0,,Deep Soil Alluvium,Deep,,,,None,,,,,,,Settlement & Agri,,670,1.8,,,,,,,,FALSE,,,LM,,,,,,,,45,18,45,,AD,,Hamlet,0,0,0,0,0,0,0,0,0,0,0,0,0,0,0,0,4,,2176,480,2175900,480000,3250
713,CU-AZ-113,,CU,AZ,113,CU-AZ-113,0,,,,,,,,,2176.39,480,2250,0,0,0,,Deep Soil Alluvium,Deep,,,,Slight,,,,,,,"Graz, Agri, & Set",,670,12,,,,,,,,FALSE,,,LM,,,,,,,,300,120,300,,AD,,Sm Nucl Village,0,0,0,0,0,0,0,0,0,0,0,2,0,0,0,0,4,,2176,480,2176390,480000,3251
714,CU-AZ-114,,CU,AZ,114,CU-AZ-114,0,,,,,,,,,2176.48,481,2248,0,0,0,,Deep Soil Alluvium,Deep,,,,Slight,,,,,,,Settlement & Agri,,670,1,,,,,,,,FALSE,,,LM,,,,,,,,25,10,25,,AD,,Hamlet,0,0,0,0,0,0,0,0,0,0,0,0,0,0,0,0,4,,2176,481,2176480,481000,3252
715,CU-AZ-115,,CU,AZ,115,CU-AZ-115,0,,,,,,,,,2176.85,481,2246,0,0,0,,Deep Soil Alluvium,Deep,,,,Slight,,,,,,,Settlement & Agri,,670,9,,,,,,,,FALSE,,,L,LM,,,,,,,150,65,150,,AD,,Sm Disp Village,0,0,0,0,0,0,0,1,1,1,0,1,0,0,0,0,4,,2177,481,2176850,481000,3253
716,CU-AZ-116,,CU,AZ,116,CU-AZ-116,0,,,,,,,,,2177.22,482,2244,0,0,0,,Deep Soil Alluvium,Deep,,,,None,,,,,,,Settlement & Agri,,660,0.3,1,,,,,49,,FALSE,,,LM,,,,,,,,6,3,6,,HC,,Small Hamlet,0,0,0,0,0,0,0,0,0,0,0,1,0,0,0,0,4,,2177,482,2177220,482000,3254
717,CU-AZ-117,,CU,AZ,117,CU-AZ-117,0,,,,,,,,,2176.13,482,2245,0,0,0,,Deep Soil Alluvium,Deep,,,,None,,,,,,,Settlement & Agri,,660,2.4,,,,,,,,FALSE,,,L,,,,,,,,24,12,24,,AD,,Hamlet,0,0,0,0,0,0,0,0,0,0,0,1,0,0,0,0,4,,2176,482,2176130,482000,3255
718,CU-AZ-118,,CU,AZ,118,CU-AZ-118,0,,,,,,,,,2176.23,481,2247,0,0,0,,Deep Soil Alluvium,Deep,,,,None,,,,,,,Agricultural,,670,10,,,,,,,,FALSE,,,LM,,,,,,,,250,100,250,,AD,,Sm Nucl Village,0,0,0,0,0,1,0,0,0,0,1,1,0,0,0,0,4,,2176,481,2176230,481000,3256
719,CU-AZ-119,,CU,AZ,119,CU-AZ-119,0,,,,,,,,,2176.21,481,2248,0,0,0,,Deep Soil Alluvium,Deep,,,,Slight,,,,,,,Settlement & Agri,,670,0.5,,,,,,,,FALSE,,,L,,,,,,,,5,3,5,,AD,,Small Hamlet,0,0,0,0,0,0,0,0,0,0,0,0,0,1,0,0,4,,2176,481,2176210,481000,3257
720,CU-AZ-120,,CU,AZ,120,CU-AZ-120,0,,,,,,,,,2176,481,2248,0,0,0,,Deep Soil Alluvium,Deep,,,,None,,,,,,,Settlement & Agri,,670,1.5,,,,,,,,FALSE,,,LM,,,,,,,,38,15,38,,AD,,Hamlet,0,0,0,0,0,0,0,0,0,0,0,0,0,1,0,0,4,,2176,481,2176000,481000,3258
721,CU-AZ-121,,CU,AZ,121,CU-AZ-121,0,,,,,,,,,2175.98,481,2248,0,0,0,,Deep Soil Alluvium,Deep,,,,None,,,,,,,Agricultural,,670,0.6,,,,,,,,FALSE,,,L,,,,,,,,6,3,6,,AD,,Small Hamlet,0,0,0,0,0,0,0,0,0,0,0,0,0,0,0,0,4,,2176,481,2175980,481000,3259
722,CU-AZ-122,,CU,AZ,122,CU-AZ-122,0,,,,,,,,,2175.91,481,2248,0,0,0,,Deep Soil Alluvium,Deep,,,,None,,,,,,,Settlement & Agri,,670,0.5,,,,,,,,FALSE,,,L,,,,,,,,5,3,5,,AD,,Small Hamlet,0,0,0,0,0,0,0,0,0,0,0,0,0,0,0,0,4,,2176,481,2175910,481000,3260
723,CU-AZ-123,,CU,AZ,123,CU-AZ-123,0,,,,,,,,,2175.71,481,2248,0,0,0,,Deep Soil Alluvium,Deep,,,,None,,,,,,,Settlement & Agri,,670,1,,,,,,,,FALSE,,,L,,,,,,,,10,5,10,,AD,,Small Hamlet,0,0,0,0,0,0,0,0,0,0,0,0,0,0,0,0,4,,2176,481,2175710,481000,3261
724,CU-AZ-124,,CU,AZ,124,CU-AZ-124,0,Quauhtitlan,,,,,,,,2175,481,2248,0,0,0,,Deep Soil Alluvium,Deep,,,,None,,,,,,,"Graz, Agri, & Set",,670,125.7,,,,,,,,FALSE,,,L,M,LM,,,,,,10275,5130,10275,O,AD,,Provincial Ctr,0,0,0,0,0,0,0,0,0,0,0,0,0,0,0,0,4,,2175,481,2175000,481000,3262
725,CU-AZ-125,,CU,AZ,125,CU-AZ-125,0,,,,,,,,,2175.19,482,2245,0,0,0,,Deep Soil Alluvium,Deep,,,,None,,,,,,,Settlement & Agri,,660,1,,,,,,,,FALSE,,,LM,,,,,,,,25,10,25,,AD,,Hamlet,0,0,0,0,0,0,0,0,0,0,0,0,0,0,0,0,4,,2175,482,2175190,482000,3263
726,CU-AZ-126,,CU,AZ,126,CU-AZ-126,0,,,,,,,,,2175.24,483,2245,0,0,0,,Deep Soil Alluvium,Deep,,,,None,,,,,,,Agricultural,,660,1.3,,,,,,,,FALSE,,,L,,,,,,,,13,7,13,,AD,,Small Hamlet,0,0,0,0,0,0,0,0,0,0,0,0,0,1,0,0,4,,2175,483,2175240,483000,3264
727,CU-AZ-127,,CU,AZ,127,CU-AZ-127,0,,,,,,,,,2173.6,482,2246,0,0,0,,Deep Soil Alluvium,Deep,,,,None,,,,,,,Settlement & Agri,,670,42.6,1,,,,,,,FALSE,,,L,LM,M,,,,,,1330,621,1330,,AD,,Lg Nucl Village,0,0,0,0,3,1,0,1,1,0,1,1,0,1,0,0,4,,2174,482,2173600,482000,3265
728,CU-AZ-128,,CU,AZ,128,CU-AZ-128,0,,,,,,,,,2172.18,480,2263,0,0,0,,Lower Piedmont,Deep,,,,None,,,,,,,Settlement,!!!!!!!!!!,680,23,,,,,,,,FALSE,,,VL,L,,,,,,,115,46,115,,AD,,Sm Disp Village,0,0,0,1,0,0,0,1,1,1,1,0,0,0,0,0,4,,2172,480,2172180,480000,3266
729,CU-AZ-129,,CU,AZ,129,CU-AZ-129,0,,,,,,,,,2171.18,479,2275,0,0,0,,Lower Piedmont,Shallow-Medium,,,,Slight,,,,,,,Settlement & Agri,,680,1,,,,,,,,FALSE,,,LM,,,,,,,,25,10,25,,AD,,Hamlet,0,0,0,0,0,0,0,0,0,0,0,0,0,0,0,0,4,,2171,479,2171180,479000,3267
730,CU-AZ-130,,CU,AZ,130,CU-AZ-130,0,,,,,,,,,2170.91,479,2260,0,0,0,,Deep Soil Alluvium,Shallow,,,,Slight,,,,,,,Settlement & Agri,,680,0.7,,,,,,,,FALSE,,,LM,,,,,,,,18,7,18,,AD,,Small Hamlet,0,0,0,0,0,0,0,0,0,0,0,0,0,0,0,0,4,,2171,479,2170910,479000,3268
731,CU-AZ-131,,CU,AZ,131,CU-AZ-131,0,,,,,,,,,2170.59,479,2258,0,0,0,,Deep Soil Alluvium,Medium,,,,Slight,,,,,,,Agricultural,,690,0.3,,,,,,,,FALSE,,,L,,,,,,,,3,2,3,,AD,,Small Hamlet,0,0,0,0,0,0,0,0,0,0,0,0,0,0,0,0,4,,2171,479,2170590,479000,3269
732,CU-AZ-132,,CU,AZ,132,CU-AZ-132,0,,,,,,,,,2170.08,479,2280,0,0,0,,Deep Soil Alluvium,Shallow,,,,Slight,,,,,,,Agricultural,,690,0.6,,,,,,,,FALSE,,,LM,,,,,,,,15,6,15,,AD,,Small Hamlet,0,0,0,0,0,0,0,0,0,0,0,0,0,0,0,0,4,,2170,479,2170080,479000,3270
733,CU-AZ-133,,CU,AZ,133,CU-AZ-133,0,,,,,,,,,2171.49,479,2292,0,0,0,,Lower Piedmont,Shallow,,,,Deep,,,,,,,Agricultural,,690,0.8,,,,,,,,FALSE,,,M,,,,,,,,40,20,40,,AD,,Hamlet,0,0,0,0,0,0,0,0,0,0,0,0,0,0,0,0,4,,2171,479,2171490,479000,3271
734,CU-AZ-134,,CU,AZ,134,CU-AZ-134,0,,,,,,,,,2171.57,478,2270,0,0,0,,Lower Piedmont,Shallow,,,,Slight,,,,,,,None,,690,0.9,,,,,,,,FALSE,,,L,,,,,,,,9,5,9,,AD,,Small Hamlet,0,0,0,0,0,0,0,0,0,0,0,0,0,0,0,0,4,,2172,478,2171570,478000,3272
735,CU-AZ-135,,CU,AZ,135,CU-AZ-135,0,,,,,,,,,2171.01,479,2288,0,0,0,,Lower Piedmont,Shallow,,,,None,,,,,,,Agricultural,,690,3.8,,,,,,,,FALSE,,,LM,,,,,,,,95,38,95,,AD,,Hamlet,0,0,0,0,0,0,0,1,1,1,1,1,0,0,0,0,4,,2171,479,2171010,479000,3273
736,CU-AZ-136,,CU,AZ,136,CU-AZ-136,0,,,,,,,,,2170.53,478,2265,0,0,0,,Deep Soil Alluvium,Shallow,,,,Slight,,,,,,,Agricultural,,690,0.4,,,,,,,,FALSE,,,LM,,,,,,,,10,4,10,,AD,,Small Hamlet,0,0,0,0,0,0,0,0,0,0,0,0,0,0,0,0,4,,2171,478,2170530,478000,3274
737,CU-AZ-137,,CU,AZ,137,CU-AZ-137,0,,,,,,,,,2170.18,478,2288,0,0,0,,Lower Piedmont,Shallow,,,,Slight,,,,,,,Agricultural,,700,0.6,,,,,,,,FALSE,,,L,,,,,,,,6,3,6,,AD,,Small Hamlet,0,0,0,0,0,0,0,0,0,0,0,0,0,0,0,0,4,,2170,478,2170180,478000,3275
738,CU-AZ-138,,CU,AZ,138,CU-AZ-138,0,,,,,,,,,2170.88,477,2300,0,0,0,,Lower Piedmont,Shallow,,,,Slight,,,,,,,Agricultural,,700,3.6,,,,,,,,FALSE,,,L,,,,,,,,36,18,36,,AD,,Hamlet,0,0,0,0,0,0,0,0,0,0,0,0,0,0,0,0,4,,2171,477,2170880,477000,3276
739,CU-AZ-139,,CU,AZ,139,CU-AZ-139,0,,,,,,,,,2171.21,477,2280,0,0,0,,Lower Piedmont,Shallow,,,,Slight,,,,,,,None,,700,0.9,,,,,,,,FALSE,,,L,,,,,,,,9,5,9,,AD,,Small Hamlet,0,0,0,0,0,0,0,0,0,0,0,1,0,0,0,0,4,,2171,477,2171210,477000,3277
740,CU-AZ-140,,CU,AZ,140,CU-AZ-140,0,,,,,,,,,2170.39,477,2315,0,0,0,,Lower Piedmont,Shallow,,,,Moderate-Deep,,,,,,,Settlement & Agri,,710,12.2,,,,,,,,FALSE,,,L,,,,,,,,122,61,122,,AD,,Sm Disp Village,0,0,0,0,0,0,0,0,0,0,0,1,0,1,0,0,4,,2170,477,2170390,477000,3278
741,CU-AZ-141,,CU,AZ,141,CU-AZ-141,0,,,,,,,,,2169.94,477,2305,0,0,0,,Lower Piedmont,Shallow,,,,Moderate,,,,,,,Settlement & Agri,,710,8.7,,,,,,,,FALSE,,,L,,,,,,,,87,44,87,,AD,,Hamlet,0,0,0,0,0,0,0,0,0,0,0,0,0,0,0,0,4,,2170,477,2169940,477000,3279
742,CU-AZ-142,,CU,AZ,142,CU-AZ-142,0,,,,,,,,,2169.8,476,2318,0,0,0,,Lower Piedmont,Very Shallow,,,,Deep,,,,,,,Agricultural,,710,1,,,,,,,,FALSE,,,L,,,,,,,,10,5,10,,AD,,Small Hamlet,0,0,0,0,0,0,0,0,0,0,0,1,0,0,0,0,4,,2170,476,2169800,476000,3280
743,CU-AZ-143,,CU,AZ,143,CU-AZ-143,0,,,,,,,,,2169.16,476,2310,0,0,0,,Lower Piedmont,Shallow,,,,Deep,,,,,,,Settlement & Agri,,720,1.4,,,,,,,,FALSE,,,VL,L,,,,,,,35,14,35,,AD,,Hamlet,0,0,0,0,0,0,0,0,0,0,0,0,0,0,0,0,4,,2169,476,2169160,476000,3281
744,CU-AZ-144,,CU,AZ,144,CU-AZ-144,0,,,,,,,,,2169.41,476,2328,0,0,0,,Lower Piedmont,Shallow,,,,Very Slight,,,,,,,Settlement & Agri,,720,0.6,,,,,,,,FALSE,,,L,,,,,,,,6,3,6,,AD,,Small Hamlet,0,0,0,0,0,0,0,0,0,0,0,0,0,0,0,0,4,,2169,476,2169410,476000,3282
745,CU-AZ-145,,CU,AZ,145,CU-AZ-145,0,,,,,,,,,2169.09,476,2348,0,0,0,,Lower Piedmont,Medium-Deep,,,,Slight,,,,,,,Settlement & Agri,,730,2.4,,,,,,,,FALSE,,,LM,,,,,,,,60,24,60,,AD,,Hamlet,0,0,0,0,0,0,0,0,0,0,0,1,0,0,0,0,4,,2169,476,2169090,476000,3283
746,CU-AZ-146,,CU,AZ,146,CU-AZ-146,0,,,,,,,,,2168.9,475,2355,0,0,0,,Middle Piedmont,Medium-Deep,,,,Slight,,,,,,,Settlement & Agri,,740,2.2,,,,,,,,FALSE,,,LM,,,,,,,,55,22,55,,AD,,Hamlet,0,0,0,0,0,0,0,1,1,1,0,1,0,0,0,0,4,,2169,475,2168900,475000,3284
747,CU-AZ-147,,CU,AZ,147,CU-AZ-147,0,,,,,,,,,2168.04,476,2295,0,0,0,,Lower Piedmont,Shallow,,,,None,,,,,,,Settlement & Agri,,750,5.3,,,,,,,,FALSE,,,LM,VL,L,,,,,,52,26,52,,AD,,Hamlet,0,0,0,0,0,0,0,0,0,0,0,1,0,0,0,0,4,,2168,476,2168040,476000,3285
748,CU-AZ-148,,CU,AZ,148,CU-AZ-148,0,,,,,,,,,2166.48,475,2355,0,0,0,,Middle Piedmont,Shallow,,,,None,,,,,,,Agricultural,,750,0.4,1,,,,,,,FALSE,,,L,,,,,,,,4,2,4,,HC,,Small Hamlet,0,0,0,0,0,0,0,0,0,0,0,1,0,0,0,0,4,,2166,475,2166480,475000,3286
749,CU-AZ-149,,CU,AZ,149,CU-AZ-149,0,,,,,,,,,2166.07,476,2360,0,0,0,,Middle Piedmont,Shallow,,,,Slight,,,,,,,Settlement & Agri,,740,1.4,,,,,,,,FALSE,,,VL,L,,,,,,,7,3,7,,AD,,Small Hamlet,0,0,0,0,0,0,0,0,0,0,0,0,0,0,0,0,4,,2166,476,2166070,476000,3287
750,CU-AZ-150,,CU,AZ,150,CU-AZ-150,0,,,,,,,,,2166.08,476,2345,0,0,0,,Lower Piedmont,Shallow,,,,Deep,,,,,,,Settlement & Graz,,740,0.3,,,,,,,,FALSE,,,M,,,,,,,,15,8,15,,AD,,Small Hamlet,0,0,0,0,0,0,0,0,0,0,0,0,0,0,0,0,4,,2166,476,2166080,476000,3288
751,CU-AZ-151,,CU,AZ,151,CU-AZ-151,0,,,,,,,,,2166.19,476,2355,0,0,0,,Middle Piedmont,Shallow,,,,Deep,,,,,,,Settlement & Graz,,740,0.4,,,,,,,,FALSE,,,L,,,,,,,,4,2,4,,AD,,Small Hamlet,0,0,0,0,0,0,0,0,0,0,0,0,0,0,0,0,4,,2166,476,2166190,476000,3289
752,CU-AZ-152,,CU,AZ,152,CU-AZ-152,0,,,,,,,,,2167.64,476,2290,0,0,0,,Lower Piedmont,Shallow,,,,Moderate,,,,,,,Grazing,,730,0.6,,,,,,,,FALSE,,,L,,,,,,,,6,3,6,,AD,,Small Hamlet,0,0,0,0,0,0,0,0,0,0,0,0,0,0,0,0,4,,2168,476,2167640,476000,3290
753,CU-AZ-153,,CU,AZ,153,CU-AZ-153,0,,,,,,,,,2168.17,477,2313,0,0,0,,Lower Piedmont,Medium-Deep,,,,Slight,,,,,,,Agricultural,,720,4.7,,,,,,,,FALSE,,,L,,,,,,,,47,24,47,,AD,,Hamlet,0,0,0,0,0,0,0,0,0,0,0,1,0,0,0,0,4,,2168,477,2168170,477000,3291
754,CU-AZ-154,,CU,AZ,154,CU-AZ-154,0,,,,,,,,,2168.32,476,2303,0,0,0,,Lower Piedmont,Shallow,,,,Deep,,,,,,,Agricultural,,730,1.5,1,,,,,,,FALSE,,,L,,,,,,,,15,8,15,,HC,,Small Hamlet,0,0,0,0,0,0,0,0,0,0,0,0,0,0,0,0,4,,2168,476,2168320,476000,3292
755,CU-AZ-155,,CU,AZ,155,CU-AZ-155,0,,,,,,,,,2168.72,476,2335,0,0,0,,Lower Piedmont,Shallow,,,,Very Slight,,,,,,,Agricultural,,730,2.5,1,,,,,,,FALSE,,,L,M,,,,,,,65,33,65,,AD,,Hamlet,0,0,0,0,1,0,0,0,0,0,0,1,0,0,0,0,4,,2169,476,2168720,476000,3293
756,CU-AZ-156,,CU,AZ,156,CU-AZ-156,0,,,,,,,,,2168.91,477,2313,0,0,0,,Lower Piedmont,Shallow,,,,Slight-Moderate,,,,,,,Settlement & Agri,,720,3,,,,,,,,FALSE,,,L,,,,,,,,30,15,30,,AD,,Hamlet,0,0,0,0,0,0,0,0,0,0,0,0,0,0,0,0,4,,2169,477,2168910,477000,3294
757,CU-AZ-157,,CU,AZ,157,CU-AZ-157,0,,,,,,,,,2169.55,480,2265,0,0,0,,Deep Soil Alluvium,Medium,,,,Very Slight,,,,,,,Settlement & Agri,,690,6,,,,,,,,FALSE,,,L,M,,,,,,,60,30,60,,AD,,Hamlet,0,0,0,0,0,0,0,0,0,0,1,1,0,0,0,0,4,,2170,480,2169550,480000,3295
758,CU-AZ-158,,CU,AZ,158,CU-AZ-158,0,,,,,,,,,2169.17,479,2270,0,0,0,,Lower Piedmont,Medium-Deep,,,,Very Slight,,,,,,,Settlement & Agri,,690,3.6,,,,,,,,FALSE,,,L,,,,,,,,36,18,36,,AD,,Hamlet,0,0,0,0,0,0,0,1,1,1,1,1,0,0,0,0,4,,2169,479,2169170,479000,3296
759,CU-AZ-159,,CU,AZ,159,CU-AZ-159,0,,,,,,,,,2167.83,478,2358,0,0,0,,Middle Piedmont,Shallow,,,,Deep,,,,,,,Agricultural,,710,0.5,,,,,,,,FALSE,,,LM,,,,,,,,13,5,13,,AD,,Small Hamlet,0,0,0,0,0,0,0,0,0,0,0,0,0,0,0,0,4,,2168,478,2167830,478000,3297
760,CU-AZ-160,,CU,AZ,160,CU-AZ-160,0,,,,,,,,,2168,477,2320,0,0,0,,Lower Piedmont,Medium,,,,Deep,,,,,,,Agricultural,,710,2.9,,,,,,,,FALSE,,,L,,,,,,,,29,15,29,,AD,,Hamlet,0,0,0,0,0,0,0,0,0,0,0,0,0,0,0,0,4,,2168,477,2168000,477000,3298
761,CU-AZ-161,,CU,AZ,161,CU-AZ-161,0,,,,,,,,,2166.84,477,2320,0,0,0,,Lower Piedmont,Shallow,,,,Deep,,,,,,,Agricultural,,720,1,,,,,,,,FALSE,,,VL,L,LM,,,,,,13,5,13,,AD,,Small Hamlet,0,0,0,1,0,0,0,0,0,0,0,1,0,0,0,0,4,,2167,477,2166840,477000,3299
762,CU-AZ-162,,CU,AZ,162,CU-AZ-162,0,,,,,,,,,2165.48,480,2285,0,0,0,,Lower Piedmont,Shallow,,,,Moderate,,,,,,,Settlement,,700,1.5,1,,,,,,,FALSE,,,L,LM,,,,,,,15,8,15,,HC,,Small Hamlet,0,0,0,0,0,0,0,0,0,0,0,0,0,0,0,0,4,,2165,480,2165480,480000,3300
763,CU-AZ-163,,CU,AZ,163,CU-AZ-163,0,,,,,,,,,2166.45,480,2280,0,0,0,,Lower Piedmont,Shallow,,,,Moderate,,,,,,,None,,690,0.8,,,,,,,,FALSE,,,L,,,,,,,,8,4,8,,AD,,Small Hamlet,0,0,0,0,0,0,0,0,0,0,0,0,0,0,0,0,4,,2166,480,2166450,480000,3301
764,CU-AZ-164,,CU,AZ,164,CU-AZ-164,0,,,,,,,,,2168.43,481,2258,0,0,0,,Lower Piedmont,Medium,,,,None,,,,,,,Settlement & Agri,,680,1,,,,,,,,FALSE,,,L,,,,,,,,10,5,10,,AD,,Small Hamlet,0,0,0,0,0,0,0,0,0,0,0,0,0,0,0,0,4,,2168,481,2168430,481000,3302
765,CU-AZ-165,,CU,AZ,165,CU-AZ-165,0,,,,,,,,,2168.4,482,2262,0,0,0,,Lower Piedmont,Medium,,,,None,,,,,,,Settlement & Agri,,670,1.8,,,,,,,,FALSE,,,L,,,,,,,,18,9,18,,AD,,Small Hamlet,0,0,0,0,0,0,0,0,0,0,0,0,0,0,0,0,4,,2168,482,2168400,482000,3303
766,CU-AZ-166,,CU,AZ,166,CU-AZ-166,0,,,,,,,,,2167.72,482,2260,0,0,0,,Lower Piedmont,Deep,,,,None,,,,,,,Agricultural,,670,2.8,,,,,,,,FALSE,,,LM,,,,,,,,70,28,70,,AD,,Hamlet,0,0,0,0,0,0,0,0,0,0,0,0,0,0,0,0,4,,2168,482,2167720,482000,3304
767,CU-AZ-167,,CU,AZ,167,CU-AZ-167,0,,,,,,,,,2169.02,482,2250,0,0,0,,Lower Piedmont,Medium-Deep,,,,Moderate,,,,,,,Settlement & Agri,,670,3.8,,,,,,,,FALSE,,,LM,,,,,,,,95,38,95,,AD,,Hamlet,0,0,0,0,0,0,0,0,0,0,1,1,0,0,0,0,4,,2169,482,2169020,482000,3305
768,CU-AZ-168,,CU,AZ,168,CU-AZ-168,0,,,,,,,,,2169.34,483,2249,0,0,0,,Lower Piedmont,Deep,,,,None,,,,,,,Settlement & Agri,,670,0.4,,,,,,,,FALSE,,,L,,,,,,,,4,2,4,,AD,,Small Hamlet,0,0,0,0,0,0,0,0,0,0,0,0,0,0,0,0,4,,2169,483,2169340,483000,3306
769,CU-AZ-169,,CU,AZ,169,CU-AZ-169,0,,,,,,,,,2168.85,483,2275,0,0,0,,Lower Piedmont,Medium,,,,Moderate,,,,,,,Settlement & Agri,,670,1.8,,,,,,,,FALSE,,,L,,,,,,,,18,9,18,,AD,,Small Hamlet,0,0,0,1,1,1,0,0,0,0,0,1,0,0,0,0,4,,2169,483,2168850,483000,3307
770,CU-AZ-170,,CU,AZ,170,CU-AZ-170,0,,,,,,,,,2167.11,483,2310,0,0,0,,Lower Piedmont,Shallow,,,,Deep,,,,,,,Settlement & Agri,,670,0.3,,,,,,,,FALSE,,,L,,,,,,,,3,1,3,,AD,,Small Hamlet,0,0,0,0,0,0,0,0,0,0,0,0,0,0,0,0,4,,2167,483,2167110,483000,3308
771,CU-AZ-171,,CU,AZ,171,CU-AZ-171,0,,,,,,,,,2166.24,482,2308,0,0,0,,Lower Piedmont,Shallow,,,,Deep,,,,,,,Settlement & Agri,,670,13.5,,,,,,,,FALSE,,,L,LM,MH,,,,,,280,135,280,,AD,,Sm Disp Village,0,0,0,0,0,0,0,0,0,0,0,0,0,0,0,0,4,,2166,482,2166240,482000,3309
772,CU-AZ-172,,CU,AZ,172,CU-AZ-172,0,,,,,,,,,2165.69,484,2368,0,0,0,,Middle Piedmont,Very Shallow,,,,Moderate,,,,,,,Agricultural,,660,0.6,,,,,,,,FALSE,,,LM,,,,,,,,0,0,0,,AD,,Ceremonial Ctr,0,0,0,0,0,0,0,0,0,0,0,0,0,0,0,0,4,,2166,484,2165690,484000,3310
773,CU-AZ-173,,CU,AZ,173,CU-AZ-173,0,,,,,,,,,2166.81,483,2290,0,0,0,,Lower Piedmont,Medium-Deep,,,,None,,,,,,,Settlement & Agri,,670,19.8,,,,,,,,FALSE,,,L,LM,,,,,,,333,144,333,,AD,,Sm Disp Village,0,0,0,0,0,1,0,1,1,1,1,1,0,0,0,0,4,,2167,483,2166810,483000,3311
774,CU-AZ-174,,CU,AZ,174,CU-AZ-174,0,,,,,,,,,2166.88,484,2302,0,0,0,,Lower Piedmont,Shallow,,,,Deep,,,,,,,Grazing,,660,1.8,,,,,,,,FALSE,,,LM,,,,,,,,45,18,45,,AD,,Hamlet,0,0,0,0,0,0,0,0,0,0,0,0,0,0,0,0,4,,2167,484,2166880,484000,3312
775,CU-AZ-175,,CU,AZ,175,CU-AZ-175,0,,,,,,,,,2167.3,484,2290,0,0,0,,Lower Piedmont,Shallow,,,,Deep,,,,,,,Grazing,,660,2.3,,,,,,,,FALSE,,,LM,,,,,,,,58,23,58,,AD,,Hamlet,0,0,0,0,0,0,0,0,0,0,0,0,0,0,0,0,4,,2167,484,2167300,484000,3313
776,CU-AZ-176,,CU,AZ,176,CU-AZ-176,0,,,,,,,,,2168.17,484,2278,0,0,0,,Lower Piedmont,Medium-Deep,,,,None,,,,,,,Agricultural,,660,24.4,5,,,,,,,FALSE,,,L,LM,,,,,,,360,161,360,,AD,,Sm Disp Village,0,0,0,0,1,1,0,1,1,1,0,1,0,0,0,0,4,,2168,484,2168170,484000,3314
777,CU-AZ-177,,CU,AZ,177,CU-AZ-177,0,,,,,,,,,2168.24,485,2320,0,0,0,,Lower Piedmont,Medium,,,,Slight-Moderate,,,,,,,Agricultural,,660,2.2,,,,,,,,FALSE,,,L,,,,,,,,22,11,22,,AD,,Hamlet,0,0,0,0,0,0,0,0,0,0,0,0,0,0,0,0,4,,2168,485,2168240,485000,3315
778,CU-AZ-178,,CU,AZ,178,CU-AZ-178,0,,,,,,,,,2169.28,485,2295,0,0,0,,Lower Piedmont,Shallow,,,,Moderate,,,,,,,Agricultural,,660,0.2,,,,,,,,FALSE,,,L,,,,,,,,2,1,2,,AD,,Small Hamlet,0,0,0,0,0,0,0,0,0,0,0,0,0,0,0,0,4,,2169,485,2169280,485000,3316
779,CU-AZ-179,,CU,AZ,179,CU-AZ-179,0,,,,,,,,,2169.59,485,2267,0,0,0,,Lower Piedmont,Shallow-Medium,,,,Slight-Moderate,,,,,,,Settlement & Agri,,660,38.5,,,,,,,,FALSE,,,L,,,,,,,,385,193,385,,AD,,Sm Disp Village,0,0,0,1,0,1,0,1,1,1,1,1,0,1,0,0,4,,2170,485,2169590,485000,3317
780,CU-AZ-180,,CU,AZ,180,CU-AZ-180,0,,,,,,,,,2171.14,483,2245,0,0,0,,Deep Soil Alluvium,Deep,,,,None,,,,,,,Settlement & Agri,,660,3.2,,,,,,,,FALSE,,,LM,,,,,,,,80,32,80,,AD,,Hamlet,0,0,0,0,0,0,0,0,0,0,0,0,0,0,0,0,4,,2171,483,2171140,483000,3318
781,CU-AZ-181,,CU,AZ,181,CU-AZ-181,0,,,,,,,,,2171.31,484,2244,0,0,0,,Deep Soil Alluvium,Deep,,,,None,,,,,,,Agricultural,,660,0.9,,,,,,,,FALSE,,,L,,,,,,,,9,5,9,,AD,,Small Hamlet,0,0,0,0,0,0,0,0,0,0,0,0,0,0,0,0,4,,2171,484,2171310,484000,3319
782,CU-AZ-182,,CU,AZ,182,CU-AZ-182,0,,,,,,,,,2170.12,485,2246,0,0,0,,Deep Soil Alluvium,Deep,,,,None,,,,,,,Settlement & Agri,,660,0.8,,,,,,,,FALSE,,,L,,,,,,,,8,4,8,,AD,,Small Hamlet,0,0,0,0,0,0,0,0,0,0,0,1,0,0,0,0,4,,2170,485,2170120,485000,3320
783,CU-AZ-183,,CU,AZ,183,CU-AZ-183,0,,,,,,,,,2169.96,485,2250,0,0,0,,Deep Soil Alluvium,Deep,,,,None,,,,,,,Settlement & Agri,,660,2.8,,,,,,,,FALSE,,,L,,,,,,,,28,14,28,,AD,,Hamlet,0,0,0,0,0,0,0,0,0,0,1,0,0,0,0,0,4,,2170,485,2169960,485000,3321
784,CU-AZ-184,,CU,AZ,184,CU-AZ-184,0,,,,,,,,,2169.38,486,2268,0,0,0,,Lower Piedmont,Medium,,,,Slight,,,,,,,Agricultural,,650,2.2,1,,,,,,,FALSE,,,LM,M,,,,,,,60,28,60,,AD,,Hamlet,0,0,0,0,0,0,0,0,0,0,0,0,0,0,0,0,4,,2169,486,2169380,486000,3322
785,CU-AZ-185,,CU,AZ,185,CU-AZ-185,0,,,,,,,,,2168.65,487,2365,0,0,0,,Middle Piedmont,Shallow,,,,Slight-Moderate,,,,,,,Grazing,,650,2.6,13,,,,,156,,TRUE,,,VL,,,,,,,,43,43,43,,HC,,Hamlet,0,0,0,0,0,0,0,0,0,0,0,0,0,0,0,0,4,,2169,487,2168650,487000,3323
786,CU-AZ-186,,CU,AZ,186,CU-AZ-186,0,,,,,,,,,2170.08,486,2262,0,0,0,,Lower Piedmont,Shallow-Medium,,,,Very Slight,,,,,,,Settlement & Agri,,650,22,1,,,,,3025,,FALSE,,,L,,,,,,,,220,110,220,,AD,,Sm Disp Village,0,0,0,0,0,0,0,0,1,1,1,1,0,0,0,0,4,,2170,486,2170080,486000,3324
787,CU-AZ-187,,CU,AZ,187,CU-AZ-187,0,,,,,,,,,2170.22,487,2278,0,0,0,,Lower Piedmont,Shallow,,,,Moderate,,,,,,,"Graz, Agri, & Set",,650,39,,,,,,,,FALSE,,,L,,,,,,,,390,195,390,,AD,,Sm Disp Village,0,0,0,1,2,1,0,1,1,1,1,1,0,1,0,0,4,,2170,487,2170220,487000,3325
788,CU-AZ-188,,CU,AZ,188,CU-AZ-188,0,,,,,,,,,2169.5,487,2365,0,0,0,,Middle Piedmont,Very Shallow,,,,Moderate,,,,,,,Grazing,,650,0.2,,,,,,,,FALSE,,,VL,,,,,,,,0,0,0,,AD,,Ceremonial Ctr,0,0,0,0,0,0,0,0,0,0,0,0,0,0,0,0,4,,2170,487,2169500,487000,3326
789,CU-AZ-189,,CU,AZ,189,CU-AZ-189,0,,,,,,,,,2170.39,488,2263,0,0,0,,Lower Piedmont,Shallow,,,,Slight,,,,,,,Settlement & Graz,,640,2.4,,,,,,,,FALSE,,,L,,,,,,,,24,12,24,,AD,,Hamlet,0,0,0,0,0,0,0,1,1,1,0,1,0,0,0,0,4,,2170,488,2170390,488000,3327
790,CU-AZ-190,,CU,AZ,190,CU-AZ-190,0,,,,,,,,,2170.83,488,2240,0,0,0,,Deep Soil Alluvium,Deep,,,,None,,,,,,,Settlement & Agri,,640,1.1,,,,,,,,FALSE,,,L,,,,,,,,11,6,11,,AD,,Small Hamlet,0,0,0,0,0,0,0,0,0,0,0,1,0,0,0,0,4,,2171,488,2170830,488000,3328
791,CU-AZ-191,,CU,AZ,191,CU-AZ-191,0,,,,,,,,,2170.83,489,2248,0,0,0,,Deep Soil Alluvium,Medium-Deep,,,,None,,,,,,,Settlement & Agri,,640,2.2,,,,,,,,FALSE,,,L,,,,,,,,22,11,22,,AD,,Hamlet,0,0,0,0,0,0,0,0,0,0,0,0,0,0,0,0,4,,2171,489,2170830,489000,3329
792,CU-AZ-192,,CU,AZ,192,CU-AZ-192,0,,,,,,,,,2170.28,489,2253,0,0,0,,Lower Piedmont,Medium-Deep,,,,None,,,,,,,Settlement & Agri,,640,0.9,,,,,,,,FALSE,,,L,,,,,,,,9,5,9,,AD,,Small Hamlet,0,0,0,0,0,0,0,0,0,0,0,0,0,0,0,0,4,,2170,489,2170280,489000,3330
793,CU-AZ-193,,CU,AZ,193,CU-AZ-193,0,,,,,,,,,2170,489,2263,0,0,0,,Lower Piedmont,Medium-Deep,,,,None,,,,,,,Settlement & Graz,,640,0.4,,,,,,,,FALSE,,,L,,,,,,,,4,2,4,,AD,,Small Hamlet,0,0,0,0,0,0,0,0,0,0,0,0,0,0,0,0,4,,2170,489,2170000,489000,3331
794,CU-AZ-194,,CU,AZ,194,CU-AZ-194,0,,,,,,,,,2169.82,488,2278,0,0,0,,Lower Piedmont,Shallow,,,,Deep,,,,,,,Settlement & Graz,,640,0.2,,,,,,,,FALSE,,,L,,,,,,,,2,1,2,,AD,,Small Hamlet,0,0,0,0,0,0,0,0,0,0,0,0,0,0,0,0,4,,2170,488,2169820,488000,3332
795,CU-AZ-195,,CU,AZ,195,CU-AZ-195,0,,,,,,,,,2169.52,488,2300,0,0,0,,Lower Piedmont,Shallow,,,,Deep,,,,,,,Settlement & Graz,,640,0.7,,,,,,,,FALSE,,,L,,,,,,,,7,4,7,,AD,,Small Hamlet,0,0,0,0,0,0,0,0,0,0,0,0,0,0,0,0,4,,2170,488,2169520,488000,3333
796,CU-AZ-196,,CU,AZ,196,CU-AZ-196,0,,,,,,,,,2169.69,489,2283,0,0,0,,Lower Piedmont,Shallow,,,,Deep,,,,,,,Settlement & Agri,,640,1.3,,,,,,,,FALSE,,,L,,,,,,,,13,7,13,,AD,,Small Hamlet,0,0,0,0,0,0,0,0,0,0,0,0,0,0,0,0,4,,2170,489,2169690,489000,3334
797,CU-AZ-197,,CU,AZ,197,CU-AZ-197,0,,,,,,,,,2169.73,490,2281,0,0,0,,Lower Piedmont,Medium,,,,None,,,,,,,Settlement & Graz,,640,2.8,,,,,,,,FALSE,,,L,,,,,,,,28,14,28,,AD,,Hamlet,0,0,0,0,0,0,0,0,0,0,0,0,0,0,0,0,4,,2170,490,2169730,490000,3335
798,CU-AZ-198,,CU,AZ,198,CU-AZ-198,0,,,,,,,,,2170.23,489,2262,0,0,0,,Lower Piedmont,Shallow-Mediu,,,,Slight,,,,,,,Settlement & Agri,,640,35,1,,,,,2500,,FALSE,,,L,LM,,,,,,,725,300,725,,AD,,Lg Disp Village,0,0,0,0,2,1,0,2,2,2,1,1,0,1,0,0,4,,2170,489,2170230,489000,3336
799,CU-AZ-199,,CU,AZ,199,CU-AZ-199,0,,,,,,,,,2170.18,490,2255,0,0,0,,Lower Piedmont,Deep,,,,None,,,,,,,Settlement,,630,2.5,,,,,,,,FALSE,,,L,,,,,,,,25,13,25,,AD,,Hamlet,0,0,0,0,0,0,0,0,0,0,0,0,0,0,0,0,4,,2170,490,2170180,490000,3337
800,CU-AZ-200,,CU,AZ,200,CU-AZ-200,0,,,,,,,,,2169.71,490,2270,0,0,0,,Lower Piedmont,Shallow-Medium,,,,Very Slight,,,,,,,Settlement & Agri,,640,3.2,,,,,,,,FALSE,,,L,,,,,,,,32,16,32,,AD,,Hamlet,0,0,0,0,0,0,0,0,0,0,0,1,0,1,0,0,4,,2170,490,2169710,490000,3338
801,CU-AZ-201,,CU,AZ,201,CU-AZ-201,0,,,,,,,,,2169.41,490,2293,0,0,0,,Lower Piedmont,Medium,,,,Very Slight,,,,,,,Settlement & Agri,,640,2,,,,,,,,FALSE,,,LM,,,,,,,,50,20,50,,AD,,Hamlet,0,0,0,0,0,0,0,0,0,0,0,0,0,1,0,0,4,,2169,490,2169410,490000,3339
802,CU-AZ-202,,CU,AZ,202,CU-AZ-202,0,,,,,,,,,2169.42,490,2278,0,0,0,,Lower Piedmont,Shallow,,,,Moderate-Deep,,,,,,,Settlement & Agri,,630,7,,,,,,,,FALSE,,,L,,,,,,,,70,35,70,,AD,,Hamlet,0,0,0,0,0,0,0,0,0,0,0,0,0,0,0,0,4,,2169,490,2169420,490000,3340
803,CU-AZ-203,,CU,AZ,203,CU-AZ-203,0,,,,,,,,,2170,491,2278,0,0,0,,Lower Piedmont,Shallow,,,,Very Slight,,,,,,,"Graz, Agri, & Set",,630,36.5,,,,,,,,FALSE,,,L,MH,,,,,,,1733,867,1733,,AD,,Lg Disp Village,0,0,0,0,1,0,0,1,1,1,1,1,0,1,0,0,4,,2170,491,2170000,491000,3341
804,CU-AZ-204,,CU,AZ,204,CU-AZ-204,0,,,,,,,,,2170.8,490,2244,0,0,0,,Deep Soil Alluvium,Deep,,,,None,,,,,,,Settlement & Agri,,630,15,,,,,,,,FALSE,,,L,,,,,,,,150,75,150,,AD,,Sm Disp Village,0,0,0,0,0,0,0,0,0,0,1,1,0,0,0,0,4,,2171,490,2170800,490000,3342
805,CU-AZ-205,,CU,AZ,205,CU-AZ-205,0,,,,,,,,,2171.18,490,2239,0,0,0,,Deep Soil Alluvium,Deep,,,,None,,,,,,,Settlement & Agri,,630,5.9,,,,,,,,FALSE,,,LM,,,,,,,,148,59,148,,AD,,Sm Nucl Village,0,0,0,0,0,0,0,0,0,0,0,0,0,0,0,0,4,,2171,490,2171180,490000,3343
806,CU-AZ-206,,CU,AZ,206,CU-AZ-206,0,,,,,,,,,2170.98,491,2238,0,0,0,,Deep Soil Alluvium,Deep,,,,None,,,,,,,Settlement & Agri,,630,2.8,,,,,,,,FALSE,,,L,,,,,,,,28,0,28,,AD,,Hamlet,0,0,0,0,0,0,0,0,0,0,0,0,0,0,0,0,4,,2171,491,2170980,491000,3344
807,CU-AZ-207,,CU,AZ,207,CU-AZ-207,0,,,,,,,,,2171.25,491,2238,0,0,0,,Saline Lakeshore Plain,Deep,,,,None,,,,,,,Settlement & Agri,,630,1.3,,,,,,,,FALSE,,,L,,,,,,,,13,7,13,,AD,,Small Hamlet,0,0,0,0,0,0,0,0,0,0,0,0,0,0,0,0,4,,2171,491,2171250,491000,3345
808,CU-AZ-208,,CU,AZ,208,CU-AZ-208,0,,,,,,,,,2170.71,492,2238,0,0,0,,Deep Soil Alluvium,Medium-Deep,,,,None,,,,,,,Agricultural,,630,6.2,2,,,,,1784,,FALSE,,,L,,,,,,,,62,31,62,,AD,,Hamlet,0,0,0,0,0,0,0,0,0,0,0,1,0,0,0,0,4,,2171,492,2170710,492000,3346
809,CU-AZ-209,,CU,AZ,209,CU-AZ-209,0,,,,,,,,,2170.68,491,2240,0,0,0,,Deep Soil Alluvium,Deep,,,,None,,,,,,,Settlement & Agri,,630,1.3,,,,,,,,FALSE,,,LM,,,,,,,,33,13,33,,AD,,Hamlet,0,0,0,0,0,0,0,0,0,0,0,0,0,0,0,0,4,,2171,491,2170680,491000,3347
810,CU-AZ-210,,CU,AZ,210,CU-AZ-210,0,,,,,,,,,2169.92,491,2249,0,0,0,,Lower Piedmont,Medium,,,,None,,,,,,,Settlement & Agri,,630,1.6,,,,,,,,FALSE,,,L,,,,,,,,16,8,16,,AD,,Small Hamlet,0,0,0,0,0,0,0,0,0,0,0,0,0,0,0,0,4,,2170,491,2169920,491000,3348
811,CU-AZ-211,,CU,AZ,211,CU-AZ-211,0,,,,,,,,,2169.56,492,2253,0,0,0,,Lower Piedmont,Shallow,,,,None,,,,,,,Settlement & Agri,,630,4,,,,,,,,FALSE,,,LM,,,,,,,,100,40,100,,AD,,Hamlet,0,0,0,0,0,0,0,0,0,0,0,0,0,0,0,0,4,,2170,492,2169560,492000,3349
812,CU-AZ-212,,CU,AZ,212,CU-AZ-212,0,,,,,,,,,2168.95,493,2270,0,0,0,,Lower Piedmont,Shallow,,,,Slight,,,,,,,Settlement & Agri,,620,1,,,,,,,,FALSE,,,L,,,,,,,,10,5,10,,AD,,Small Hamlet,0,0,0,0,0,1,0,1,1,1,1,0,0,0,0,0,4,,2169,493,2168950,493000,3350
813,CU-AZ-213,,CU,AZ,213,CU-AZ-213,0,,,,,,,,,2168.54,492,2298,0,0,0,,Lower Piedmont,Shallow,,,,Slight,,,,,,,Settlement & Agri,,620,0.7,2,,,,,,,TRUE,,,VL,L,M,,,,,,8,4,8,,HC,,Small Hamlet,0,0,0,0,0,0,0,0,0,0,0,0,0,0,0,0,4,,2169,492,2168540,492000,3351
814,CU-AZ-214,,CU,AZ,214,CU-AZ-214,0,,,,,,,,,2168.11,493,2314,0,0,0,,Lower Piedmont,Deep,,,,Slight,,,,,,,Settlement & Agri,,620,111,27,,,,,10462.5,,FALSE,,,LM,,,,,,,,2775,1110,2775,,AD,,Barrio of Center,0,0,0,1,0,1,0,1,1,1,2,3,0,1,0,0,4,,2168,493,2168110,493000,3352
815,CU-AZ-215,,CU,AZ,215,CU-AZ-215,0,,,,,,,,,2169.09,493,2255,0,0,0,,Lower Piedmont,Shallow,,,,Slight,,,,,,,Settlement & Agri,,620,0.9,,,,,,,,FALSE,,,L,LM,,,,,,,14,6,14,,AD,,Small Hamlet,0,0,0,0,0,0,0,0,0,0,0,0,0,0,0,0,4,,2169,493,2169090,493000,3353
816,CU-AZ-216,,CU,AZ,216,CU-AZ-216,0,,,,,,,,,2169.09,493,2255,0,0,0,,Lower Piedmont,Shallow,,,,Slight,,,,,,,Settlement & Agri,,620,1.4,,,,,,,,FALSE,,,VL,L,,,,,,,7,3,7,,AD,,Small Hamlet,0,0,0,0,0,0,0,0,0,0,0,0,0,0,0,0,4,,2169,493,2169090,493000,3354
817,CU-AZ-217,,CU,AZ,217,CU-AZ-217,0,,,,,,,,,2169.32,494,2250,0,0,0,,Lower Piedmont,Shallow,,,,Slight-Moderate,,,,,,,"Graz, Agri, & Set",,620,9.5,1,,,,,,,FALSE,,,VL,MH,M,L,,,,,245,116,245,,AD,,Sm Nucl Village,0,0,0,1,0,0,0,0,0,0,1,0,0,0,0,0,4,,2169,494,2169320,494000,3355
818,CU-AZ-218,,CU,AZ,218,CU-AZ-218,0,,,,,,,,,2170.28,493,2238,0,0,0,,Saline Lakeshore Plain,Deep,,,,None,,,,,,,Settlement & Agri,,620,10,7,,,,,7344,,FALSE,,,MH,,,,,,,,500,250,500,,AD,,Salt Station,0,0,0,0,0,0,0,0,0,0,0,1,0,0,0,0,4,,2170,493,2170280,493000,3356
819,CU-AZ-219,,CU,AZ,219,CU-AZ-219,0,,,,,,,,,2170.54,493,2238,0,0,0,,Saline Lakeshore Plain,Deep,,,,None,,,,,,,Agricultural,,620,4.2,,,,,,,,FALSE,,,MH,,,,,,,,210,105,210,,AD,,Salt Station,0,0,0,0,1,0,0,0,0,0,0,0,0,0,0,0,4,,2171,493,2170540,493000,3357
820,CU-AZ-220,,CU,AZ,220,CU-AZ-220,0,,,,,,,,,2170.89,493,2237,0,0,0,,Saline Lakebed,Deep,,,,None,,,,,,,None,,620,0.5,1,,,,,4000,,FALSE,,,MH,,,,,,,,30,15,30,,AD,,Salt Station,0,0,0,0,0,0,0,0,0,0,0,0,0,0,0,0,4,,2171,493,2170890,493000,3358
821,CU-AZ-221,,CU,AZ,221,CU-AZ-221,0,,,,,,,,,2170.85,493,2237,0,0,0,,Saline Lakebed,Deep,,,,None,,,,,,,None,,620,1.1,,,,,,,,FALSE,,,MH,,,,,,,,0,0,0,,AD,,Salt Station,0,0,0,0,0,0,0,0,0,0,0,0,0,0,0,0,4,,2171,493,2170850,493000,3359
822,CU-AZ-222,,CU,AZ,222,CU-AZ-222,0,,,,,,,,,2170.72,493,2237,0,0,0,,Saline Lakebed,Deep,,,,None,,,,,,,None,,620,0.1,,,,,,,,FALSE,,,L,,,,,,,,2,1,2,,AD,,Salt Station,0,0,0,0,0,0,0,0,0,0,0,0,0,0,0,0,4,,2171,493,2170720,493000,3360
823,CU-AZ-223,,CU,AZ,223,CU-AZ-223,0,,,,,,,,,2170.65,493,2237,0,0,0,,Saline Lakebed,Deep,,,,None,,,,,,,None,,620,0.3,,,,,,,,FALSE,,,L,,,,,,,,3,1,3,,AD,,Salt Station,0,0,0,0,0,0,0,0,0,0,0,0,0,0,0,0,4,,2171,493,2170650,493000,3361
824,CU-AZ-224,,CU,AZ,224,CU-AZ-224,0,,,,,,,,,2170.7,494,2236,0,0,0,,Saline Lakebed,Deep,,,,None,,,,,,,None,,620,0.8,,,,,,,,FALSE,,,L,,,,,,,,2,1,2,,AD,,Salt Station,0,0,0,0,0,0,0,0,0,0,0,0,0,0,0,0,4,,2171,494,2170700,494000,3362
825,CU-AZ-225,,CU,AZ,225,CU-AZ-225,0,,,,,,,,,2170.88,494,2236,0,0,0,,Saline Lakebed,Deep,,,,None,,,,,,,None,,620,2,,,,,,,,FALSE,,,L,,,,,,,,0,0,0,,AD,,Salt Station,0,0,0,0,0,0,0,0,0,0,0,0,0,0,0,0,4,,2171,494,2170880,494000,3363
826,CU-AZ-226,,CU,AZ,226,CU-AZ-226,0,,,,,,,,,2171.31,494,2235,0,0,0,,Saline Lakebed,Deep,,,,None,,,,,,,None,,610,0.1,,,,,,,,FALSE,,,L,,,,,,,,0,0,0,,AD,,Salt Station,0,0,0,0,0,0,0,0,0,0,0,0,0,0,0,0,4,,2171,494,2171310,494000,3364
827,CU-AZ-227,,CU,AZ,227,CU-AZ-227,0,,,,,,,,,2171.47,495,2235,0,0,0,,Saline Lakebed,Deep,,,,None,,,,,,,None,,610,1.5,4,,,,,8050,,FALSE,,,L,,,,,,,,80,40,80,,AD,,Salt Station,0,0,0,0,0,0,0,0,0,0,0,0,0,0,0,0,4,,2171,495,2171470,495000,3365
828,CU-AZ-228,,CU,AZ,228,CU-AZ-228,0,,,,,,,,,2172.88,494,2234,0,0,0,,Saline Lakebed,Deep,,,,None,,,,,,,None,,620,1.2,,,,,,,,FALSE,,,MH,,,,,,,,0,0,0,,AD,,Salt Station,0,0,0,0,0,0,0,0,0,0,0,0,0,0,0,0,4,,2173,494,2172880,494000,3366
829,CU-AZ-229,,CU,AZ,229,CU-AZ-229,0,,,,,,,,,2173.21,494,2234,0,0,0,,Saline Lakebed,Deep,,,,None,,,,,,,None,,620,1.2,,,,,,,,FALSE,,,MH,,,,,,,,0,0,0,,AD,,Salt Station,0,0,0,0,0,0,0,0,0,0,0,0,0,0,0,0,4,,2173,494,2173210,494000,3367
830,CU-AZ-230,,CU,AZ,230,CU-AZ-230,0,,,,,,,,,2173.51,494,2233,0,0,0,,Saline Lakebed,Deep,,,,None,,,,,,,None,,620,0.8,,,,,,,,FALSE,,,MH,,,,,,,,0,0,0,,AD,,Salt Station,0,0,0,0,0,0,0,0,0,0,0,0,0,0,0,0,4,,2174,494,2173510,494000,3368
831,CU-AZ-231,,CU,AZ,231,CU-AZ-231,0,,,,,,,,,2173.69,495,2232,0,0,0,,Saline Lakebed,Deep,,,,None,,,,,,,None,,610,,,,,,,,,FALSE,,,,,,,,,,,0,0,0,,AD,,Salt Station,0,0,0,0,0,0,0,0,0,0,0,0,0,0,0,0,4,,2174,495,2173690,495000,3369
832,CU-AZ-232,,CU,AZ,232,CU-AZ-232,0,,,,,,,,,2171.46,495,2235,0,0,0,,Saline Lakebed,Deep,,,,None,,,,,,,None,,610,0.4,,,,,,,,FALSE,,,L,,,,,,,,20,10,20,,AD,,Salt Station,0,0,0,0,0,0,0,0,0,0,0,0,0,0,0,0,4,,2171,495,2171460,495000,3370
833,CU-AZ-233,,CU,AZ,233,CU-AZ-233,0,,,,,,,,,2171.11,495,2235,0,0,0,,Saline Lakebed,Deep,,,,None,,,,,,,None,,610,0.5,1,,,,,3600,,FALSE,,,L,,,,,,,,40,20,40,,AD,,Salt Station,0,0,0,0,0,0,0,0,0,0,0,0,0,0,0,0,4,,2171,495,2171110,495000,3371
834,CU-AZ-234,,CU,AZ,234,CU-AZ-234,0,,,,,,,,,2170.68,495,2235,0,0,0,,Saline Lakebed,Deep,,,,None,,,,,,,Settlement,,610,1.7,,,,,,,,FALSE,,,L,,,,,,,,0,0,0,,AD,,Salt Station,0,0,0,0,0,0,0,0,0,0,0,0,0,0,0,0,4,,2171,495,2170680,495000,3372
835,CU-AZ-235,,CU,AZ,235,CU-AZ-235,0,,,,,,,,,2170.45,495,2235,0,0,0,,Saline Lakebed,Deep,,,,None,,,,,,,Settlement,,610,0.1,,,,,,,,FALSE,,,L,,,,,,,,0,0,0,,AD,,Salt Station,0,0,0,0,0,0,0,0,0,0,0,0,0,0,0,0,4,,2170,495,2170450,495000,3373
836,CU-AZ-236,,CU,AZ,236,CU-AZ-236,0,,,,,,,,,2170.39,495,2237,0,0,0,,Saline Lakebed,Deep,,,,None,,,,,,,None,,610,0.1,,,,,,,,FALSE,,,LM,,,,,,,,0,0,0,,AD,,Salt Station,0,0,0,0,0,0,0,0,0,0,0,0,0,0,0,0,4,,2170,495,2170390,495000,3374
837,CU-AZ-237,,CU,AZ,237,CU-AZ-237,0,,,,,,,,,2170.1,495,2237,0,0,0,,Saline Lakebed,Deep,,,,None,,,,,,,None,,610,0.2,,,,,,,,FALSE,,,L,,,,,,,,0,0,0,,AD,,Salt Station,0,0,0,0,0,0,0,0,0,0,0,0,0,0,0,0,4,,2170,495,2170100,495000,3375
838,CU-AZ-238,,CU,AZ,238,CU-AZ-238,0,,,,,,,,,2169.59,495,2237,0,0,0,,Saline Lakebed,Deep,,,,None,,,,,,,None,,610,0.6,3,,,,,5300,,TRUE,,,MH,,,,,,,,40,20,40,,HC,,Salt Station,0,0,0,0,0,0,0,0,0,0,0,1,0,0,0,0,4,,2170,495,2169590,495000,3376
839,CU-AZ-239,,CU,AZ,239,CU-AZ-239,0,,,,,,,,,2169.14,495,2238,0,0,0,,Saline Lakeshore Plain,Deep,,,,Slight,,,,,,,Settlement & Graz,,610,0.5,,,,,,,,FALSE,,,M,L,H,,,,,,25,13,25,,AD,,Hamlet,0,0,0,0,0,0,0,0,0,0,0,1,0,0,0,0,4,,2169,495,2169140,495000,3377
840,CU-AZ-240,,CU,AZ,240,CU-AZ-240,0,,,,,,,,,2168.8,495,2238,0,0,0,,Saline Lakeshore Plain,Deep,,,,None,,,,,,,None,,610,1,1,,,,,900,,TRUE,,,VL,L,,,,,,,10,5,10,,HC,,Salt Station,0,0,0,0,0,0,0,0,0,0,0,0,0,0,0,0,4,,2169,495,2168800,495000,3378
841,CU-AZ-241,,CU,AZ,241,CU-AZ-241,0,,,,,,,,,2169.36,496,2235,0,0,0,,Saline Lakebed,Deep,,,,None,,,,,,,None,,610,0.4,,,,,,,,FALSE,,,H,,,,,,,,0,0,0,,AD,,Salt Station,0,0,0,0,0,0,0,0,0,0,0,0,0,0,0,0,4,,2169,496,2169360,496000,3379
842,CU-AZ-242,,CU,AZ,242,CU-AZ-242,0,,,,,,,,,2169.13,496,2235,0,0,0,,Saline Lakebed,Deep,,,,None,,,,,,,None,,610,1,1,,,,,,,TRUE,,,L,,,,,,,,10,5,10,,HC,,Salt Station,0,0,0,0,0,0,0,0,0,0,0,0,0,0,0,0,4,,2169,496,2169130,496000,3380
843,CU-AZ-243,,CU,AZ,243,CU-AZ-243,0,,,,,,,,,2168.44,496,2238,0,0,0,,Saline Lakeshore Plain,Deep,,,,None,,,,,,,Settlement & Agri,,610,2,1,,,,,7000,,FALSE,,,L,,,,,,,,20,10,20,,HC,,Salt Station,0,0,0,0,0,0,0,0,0,0,0,0,0,0,0,0,4,,2168,496,2168440,496000,3381
844,CU-AZ-244,,CU,AZ,244,CU-AZ-244,0,,,,,,,,,2168.22,496,2238,0,0,0,,Saline Lakeshore Plain,Deep,,,,None,,,,,,,Settlement & Agri,,610,0.2,,,,,,,,FALSE,,,L,,,,,,,,10,5,10,,AD,,Salt Station,0,0,0,1,0,0,0,0,0,0,0,0,0,0,0,0,4,,2168,496,2168220,496000,3382
845,CU-AZ-245,,CU,AZ,245,CU-AZ-245,0,,,,,,,,,2167.99,496,2238,0,0,0,,Saline Lakeshore Plain,Deep,,,,None,,,,,,,Settlement & Agri,,610,0.4,1,,,,,3600,,TRUE,,,L,,,,,,,,10,5,10,,HC,,Salt Station,0,0,0,0,0,0,0,0,0,0,1,1,0,1,0,0,4,,2168,496,2167990,496000,3383
846,CU-AZ-246,,CU,AZ,246,CU-AZ-246,0,,,,,,,,,2168.15,495,2240,0,0,0,,Deep Soil Alluvium,Deep,,,,None,,,,,,,Settlement & Agri,,610,0.4,,,,,,,,FALSE,,,L,,,,,,,,4,2,4,,AD,,Small Hamlet,0,0,0,0,0,0,0,0,0,0,0,0,0,0,0,0,4,,2168,495,2168150,495000,3384
847,CU-AZ-247,,CU,AZ,247,CU-AZ-247,0,,,,,,,,,2167.5,494,2295,0,0,0,,Lower Piedmont,Deep,,,,Slight,,,,,,,Settlement & Agri,,620,14,7,,,,,4000,,FALSE,,,L,VL,MH,,,,,,224,99,224,,AD,,Sm Disp Village,0,0,0,0,0,0,0,0,0,0,1,1,0,0,0,0,4,,2168,494,2167500,494000,3385
848,CU-AZ-248,,CU,AZ,248,CU-AZ-248,0,,,,,,,,,2167.62,494,2250,0,0,0,,Deep Soil Alluvium,Shallow,,,,Slight,,,,,,,Settlement & Agri,,620,1.2,,,,,,,,FALSE,,,L,,,,,,,,12,6,12,,AD,,Small Hamlet,0,0,0,0,0,0,0,0,0,0,0,0,0,0,0,0,4,,2168,494,2167620,494000,3386
849,CU-AZ-249,,CU,AZ,249,CU-AZ-249,0,Ecatepec,,,,,,,,2166.7,494,2295,0,0,0,,Lower Piedmont,Shallow-Medium,,,,Moderate,,,,,,,"Graz, Agri, & Set",,620,127.6,32,,,,,16947,,FALSE,,,LM,M,,,,,,,3190,1276,3190,,AD,,Barrio of Center,0,0,1,2,2,1,0,1,1,0,1,1,0,1,0,0,4,,2167,494,2166700,494000,3387
850,CU-AZ-250,,CU,AZ,250,CU-AZ-250,0,,,,,,,,,2167.34,494,2255,0,0,0,,Lower Piedmont,Shallow,,,,Slight,,,,,,,Settlement & Agri,,620,0.5,,,,,,,,FALSE,,,L,,,,,,,,5,3,5,,AD,,Small Hamlet,0,0,0,0,0,0,0,0,0,0,0,0,0,0,0,0,4,,2167,494,2167340,494000,3388
851,CU-AZ-251,,CU,AZ,251,CU-AZ-251,0,,,,,,,,,2167.4,495,2249,0,0,0,,Deep Soil Alluvium,Shallow,,,,Slight,,,,,,,Settlement & Agri,,610,0.4,,,,,,,,FALSE,,,L,,,,,,,,4,2,4,,AD,,Small Hamlet,0,0,0,0,0,0,0,0,0,0,0,0,0,0,0,0,4,,2167,495,2167400,495000,3389
852,CU-AZ-252,,CU,AZ,252,CU-AZ-252,0,,,,,,,,,2167.19,495,2250,0,0,0,,Lower Piedmont,Deep,,,,None,,,,,,,Settlement,,610,1.9,,,,,,,,FALSE,,,LM,,,,,,,,48,19,48,,AD,,Unknown,0,0,0,0,0,0,0,0,0,0,0,0,0,0,0,0,4,,2167,495,2167190,495000,3390
853,CU-AZ-253,,CU,AZ,253,CU-AZ-253,0,,,,,,,,,2167.43,496,2239,0,0,0,,Deep Soil Alluvium,Deep,,,,None,,,,,,,Settlement & Agri,,610,0.8,3,,,,,4500,,TRUE,,,L,,,,,,,,30,15,30,,HC,,Salt Station,0,0,0,0,0,0,0,0,0,0,0,0,0,0,0,0,4,,2167,496,2167430,496000,3391
854,CU-AZ-254,,CU,AZ,254,CU-AZ-254,0,,,,,,,,,2167.72,496,2238,0,0,0,,Saline Lakeshore Plain,Deep,,,,None,,,,,,,Settlement & Agri,,610,2.8,11,,,,,8400,,TRUE,,,L,,,,,,,,110,55,110,,HC,,Salt Station,0,0,0,0,0,1,0,0,0,0,1,1,0,0,0,0,4,,2168,496,2167720,496000,3392
855,CU-AZ-255,,CU,AZ,255,CU-AZ-255,0,,,,,,,,,2167.18,496,2238,0,0,0,,Saline Lakeshore Plain,Deep,,,,None,,,,,,,Settlement,,610,9.2,2,,,,,4525,,FALSE,,,LM,,,,,,,,230,92,230,,AD,,Sm Nucl Village,0,0,0,0,0,0,0,0,0,0,0,1,0,0,0,0,4,,2167,496,2167180,496000,3393
856,CU-AZ-256,,CU,AZ,256,CU-AZ-256,0,,,,,,,,,2166.55,495,2249,0,0,0,,Deep Soil Alluvium,Deep,,,,None,,,,,,,Settlement & Agri,,610,24,,,,,,,,FALSE,,,L,M,H,,,,,,440,218,440,,AD,,Sm Disp Village,0,0,0,1,1,0,0,0,0,0,0,1,0,0,0,0,4,,2167,495,2166550,495000,3394
857,CU-AZ-257,,CU,AZ,257,CU-AZ-257,0,,,,,,,,,2166.03,495,2275,0,0,0,,Lower Piedmont,Shallow-Medium,,,,None,,,,,,,Settlement,,610,21,,,,,,,,FALSE,,,LM,,,,,,,,525,210,525,,AD,,Lg Nucl Village,0,0,0,0,0,1,0,1,1,1,1,1,0,0,0,0,4,,2166,495,2166030,495000,3395
858,CU-AZ-258,,CU,AZ,258,CU-AZ-258,0,,,,,,,,,2166.21,495,2275,0,0,0,,Lower Piedmont,Shallow,,,,Deep,,,,,,,"Graz, Agri, & Set",,620,5.2,,,,,,,,FALSE,,,VL,L,,,,,,,26,10,26,,AD,,Hamlet,0,0,0,0,0,0,0,0,0,0,0,0,0,0,0,0,4,,2166,495,2166210,495000,3396
859,CU-AZ-259,,CU,AZ,259,CU-AZ-259,0,,,,,,,,,2165.69,495,2265,0,0,0,,Lower Piedmont,Very Shallow,,,,Deep,,,,,,,Settlement & Graz,,610,3,,,,,,,,FALSE,,,LM,,,,,,,,75,30,75,,AD,,Hamlet,0,0,0,0,0,0,0,0,0,0,0,0,0,0,0,0,4,,2166,495,2165690,495000,3397
860,CU-AZ-260,,CU,AZ,260,CU-AZ-260,0,,,,,,,,,2165.88,494,2305,0,0,0,,Lower Piedmont,Shallow,,,,Deep,,,,,,,Settlement & Graz,,620,2.2,1,,,,,,,FALSE,,,L,,,,,,,,22,11,22,,AD,,Hamlet,0,0,0,0,0,0,0,0,0,0,0,0,0,0,0,0,4,,2166,494,2165880,494000,3398
861,CU-AZ-261,,CU,AZ,261,CU-AZ-261,0,,,,,,,,,2165.5,495,2265,0,0,0,,Lower Piedmont,Shallow,,,,None,,,,,,,Settlement,,610,1.6,,,,,,,,FALSE,,,LM,,,,,,,,40,16,40,,AD,,Hamlet,0,0,0,0,0,0,0,0,0,0,0,0,0,0,0,0,4,,2166,495,2165500,495000,3399
862,CU-AZ-262,,CU,AZ,262,CU-AZ-262,0,,,,,,,,,2165.37,495,2249,0,0,0,,Deep Soil Alluvium,Deep,,,,None,,,,,,,Agricultural,,610,0.9,,,,,,,,FALSE,,,L,,,,,,,,9,5,9,,AD,,Small Hamlet,0,0,0,0,0,0,0,0,0,0,0,0,0,0,0,0,4,,2165,495,2165370,495000,3400
863,CU-AZ-263,,CU,AZ,263,CU-AZ-263,0,,,,,,,,,2165.77,496,2242,0,0,0,,Deep Soil Alluvium,Deep,,,,None,,,,,,,Settlement,,610,22,3,,,,,3400,,FALSE,,,M,,,,,,,,1100,550,1100,,AD,,Lg Nucl Village,0,0,0,0,0,0,0,1,1,1,1,0,0,1,0,0,4,,2166,496,2165770,496000,3401
864,CU-AZ-264,,CU,AZ,264,CU-AZ-264,0,,,,,,,,,2165.75,497,2238,0,0,0,,Saline Lakebed,Deep,,,,None,,,,,,,None,,610,18,5,,,,,10000,,FALSE,,,L,H,,,,,,,180,90,180,,AD,,Salt Station,0,0,0,0,0,0,0,0,0,0,0,1,0,0,0,0,4,,2166,497,2165750,497000,3402
865,CU-AZ-265,,CU,AZ,265,CU-AZ-265,0,,,,,,,,,2165.31,497,2237,0,0,0,,Saline Lakebed,Deep,,,,None,,,,,,,None,,600,0.5,,,,,,,,FALSE,,,M,,,,,,,,0,0,0,,AD,,Salt Station,0,0,0,0,0,0,0,0,0,0,0,0,0,0,0,0,4,,2165,497,2165310,497000,3403
866,CU-AZ-266,,CU,AZ,266,CU-AZ-266,0,,,,,,,,,2165.19,497,2237,0,0,0,,Saline Lakebed,Deep,,,,None,,,,,,,None,,600,0.5,,,,,,,,FALSE,,,M,,,,,,,,0,0,0,,AD,,Salt Station,0,0,0,0,0,0,0,0,0,0,0,0,0,0,0,0,4,,2165,497,2165190,497000,3404
867,CU-AZ-267,,CU,AZ,267,CU-AZ-267,0,,,,,,,,,2165.14,496,2238,0,0,0,,Saline Lakeshore Plain,Deep,,,,None,,,,,,,None,,610,4.5,,,,,,,,FALSE,,,MH,,,,,,,,45,23,45,,AD,,Salt Station,0,0,0,0,0,0,0,0,0,0,0,0,0,0,0,0,4,,2165,496,2165140,496000,3405
868,CU-AZ-268,,CU,AZ,268,CU-AZ-268,0,,,,,,,,,2164.58,496,2238,0,0,0,,Saline Lakeshore Plain,Deep,,,,None,,,,,,,Settlement,,610,1,,,,,,,,FALSE,,,VL,,,,,,,,20,10,20,,AD,,Salt Station,0,0,0,0,0,0,0,0,0,0,1,0,0,0,0,0,4,,2165,496,2164580,496000,3406
869,CU-AZ-269,,CU,AZ,269,CU-AZ-269,0,,,,,,,,,2164.66,496,2239,0,0,0,,Deep Soil Alluvium,Deep,,,,None,,,,,,,None,,610,1,,,,,,,,FALSE,,,M,,,,,,,,0,0,0,,AD,,Salt Station,0,0,0,0,0,0,0,0,0,0,0,0,0,0,0,0,4,,2165,496,2164660,496000,3407
870,CU-AZ-270,,CU,AZ,270,CU-AZ-270,0,,,,,,,,,2163.93,496,2239,0,0,0,,Saline Lakeshore Plain,Deep,,,,None,,,,,,,Settlement & Agri,,610,0.1,,,,,,,,FALSE,,,L,,,,,,,,0,0,0,,AD,,Salt Station,0,0,0,0,0,0,0,0,0,0,0,0,0,0,0,0,4,,2164,496,2163930,496000,3408
871,CU-AZ-271,,CU,AZ,271,CU-AZ-271,0,,,,,,,,,2163.83,496,2239,0,0,0,,Deep Soil Alluvium,Deep,,,,None,,,,,,,None,,610,0.1,,,,,,,,FALSE,,,,,,,,,,,0,0,0,,AD,,Salt Station,0,0,0,0,0,0,0,0,0,0,0,0,0,0,0,0,4,,2164,496,2163830,496000,3409
872,CU-AZ-272,,CU,AZ,272,CU-AZ-272,0,,,,,,,,,2163.72,496,2239,0,0,0,,Saline Lakeshore Plain,Deep,,,,None,,,,,,,None,,610,1.3,1,,,,,400,,TRUE,,,LM,,,,,,,,10,5,10,,HC,,Salt Station,0,0,0,0,0,0,0,1,1,1,0,1,0,0,0,0,4,,2164,496,2163720,496000,3410
873,CU-AZ-273,,CU,AZ,273,CU-AZ-273,0,,,,,,,,,2163.45,496,2239,0,0,0,,Saline Lakeshore Plain,Deep,,,,None,,,,,,,None,,610,4.8,,,,,,,,FALSE,,,,,,,,,,,0,0,0,,AD,,Salt Station,0,0,0,0,0,0,0,0,0,0,0,0,0,0,0,0,4,,2163,496,2163450,496000,3411
874,CU-AZ-274,,CU,AZ,274,CU-AZ-274,0,,,,,,,,,2163.08,496,2237,0,0,0,,Saline Lakebed,Deep,,,,None,,,,,,,None,,610,0.1,,,,,,,,FALSE,,,VL,,,,,,,,0,0,0,,AD,,Salt Station,0,0,0,0,0,0,0,0,0,0,0,0,0,0,0,0,4,,2163,496,2163080,496000,3412
875,CU-AZ-275,,CU,AZ,275,CU-AZ-275,0,,,,,,,,,2162.58,496,2237,0,0,0,,Saline Lakebed,Deep,,,,None,,,,,,,None,,610,2.4,,,,,,,,FALSE,,,VL,,,,,,,,0,0,0,,AD,,Salt Station,0,0,0,0,0,0,0,0,0,0,0,0,0,0,0,0,4,,2163,496,2162580,496000,3413
876,CU-AZ-276,,CU,AZ,276,CU-AZ-276,0,,,,,,,,,2163.24,495,2238,0,0,0,,Saline Lakeshore Plain,Deep,,,,None,,,,,,,None,,610,0.1,,,,,,,,FALSE,,,VL,,,,,,,,0,0,0,,AD,,Salt Station,0,0,0,0,0,0,0,0,0,0,0,0,0,0,0,0,4,,2163,495,2163240,495000,3414
877,CU-AZ-277,,CU,AZ,277,CU-AZ-277,0,,,,,,,,,2163.9,495,2246,0,0,0,,Deep Soil Alluvium,Deep,,,,None,,,,,,,Settlement & Agri,,610,18,,,,,,,,FALSE,,,L,M,H,,,,,,450,180,450,,AD,,Sm Disp Village,0,0,0,0,0,0,0,1,1,1,0,1,0,0,0,0,4,,2164,495,2163900,495000,3415
878,CU-AZ-278,,CU,AZ,278,CU-AZ-278,0,,,,,,,,,2164.45,495,2255,0,0,0,,Lower Piedmont,Deep,,,,None,,,,,,,Settlement & Agri,,610,6,,,,,,,,FALSE,,,L,M,,,,,,,150,60,150,,AD,,Sm Disp Village,0,0,0,0,0,0,0,0,0,0,0,0,0,0,0,0,4,,2164,495,2164450,495000,3416
879,CU-AZ-279,,CU,AZ,279,CU-AZ-279,0,,,,,,,,,2164.33,494,2288,0,0,0,,Lower Piedmont,Shallow-Medium,,,,None,,,,,,,Settlement & Agri,,620,2.5,,,,,,,,FALSE,,,LM,,,,,,,,63,25,63,,AD,,Hamlet,0,0,0,0,0,0,0,0,0,0,1,1,0,0,0,0,4,,2164,494,2164330,494000,3417
880,CU-AZ-280,,CU,AZ,280,CU-AZ-280,0,,,,,,,,,2164.36,493,2310,0,0,0,,Lower Piedmont,Shallow-Medium,,,,Slight,,,,,,,Settlement & Agri,,620,1.1,,,,,,,,FALSE,,,L,,,,,,,,11,6,11,,AD,,Small Hamlet,0,0,0,0,0,0,0,0,0,0,0,0,0,0,0,0,4,,2164,493,2164360,493000,3418
881,CU-AZ-281,,CU,AZ,281,CU-AZ-281,0,,,,,,,,,2163.95,494,2295,0,0,0,,Lower Piedmont,Shallow-Medium,,,,None,,,,,,,Settlement & Agri,,620,3,,,,,,,,FALSE,,,LM,,,,,,,,75,30,75,,AD,,Hamlet,0,0,0,0,0,0,0,0,0,0,0,1,0,0,0,0,4,,2164,494,2163950,494000,3419
882,CU-AZ-282,,CU,AZ,282,CU-AZ-282,0,,,,,,,,,2163.6,494,2298,0,0,0,,Lower Piedmont,Medium,,,,Slight,,,,,,,Settlement & Agri,,620,1.4,,,,,,,,FALSE,,,L,,,,,,,,14,7,14,,AD,,Small Hamlet,0,0,0,0,0,0,0,0,0,0,0,0,0,0,0,0,4,,2164,494,2163600,494000,3420
883,CU-AZ-283,,CU,AZ,283,CU-AZ-283,0,,,,,,,,,2163.57,495,2255,0,0,0,,Lower Piedmont,Shallow,,,,Moderate,,,,,,,Settlement,,610,2.3,,,,,,,,FALSE,,,L,,,,,,,,23,13,23,,AD,,Hamlet,0,0,0,0,0,1,0,1,1,1,0,1,0,0,0,0,4,,2164,495,2163570,495000,3421
884,CU-AZ-284,,CU,AZ,284,CU-AZ-284,0,,,,,,,,,2162.52,494,2260,0,0,0,,Lower Piedmont,Medium,,,,Slight,,,,,,,Settlement & Agri,,610,0.9,,,,,,,,FALSE,,,L,,,,,,,,9,5,9,,AD,,Small Hamlet,0,0,0,0,0,0,0,0,0,0,0,0,0,0,0,0,4,,2163,494,2162520,494000,3422
885,CU-AZ-285,,CU,AZ,285,CU-AZ-285,0,,,,,,,,,2162.31,494,2244,0,0,0,,Deep Soil Alluvium,Deep,,,,None,,,,,,,None,,610,7.2,1,,,,,,,FALSE,,,L,,,,,,,,72,36,72,,AD,,Hamlet,0,0,0,0,0,0,0,0,0,0,0,1,0,0,0,0,4,,2162,494,2162310,494000,3423
886,CU-AZ-286,,CU,AZ,286,CU-AZ-286,0,,,,,,,,,2161.58,494,2238,0,0,0,,Deep Soil Alluvium,Deep,,,,None,,,,,,,None,,610,2.5,,,,,,,,FALSE,,,M,,,,,,,,0,0,0,,AD,,Salt Station,0,0,0,0,0,0,0,0,0,0,0,0,0,0,0,0,4,,2162,494,2161580,494000,3424
887,CU-AZ-287,,CU,AZ,287,CU-AZ-287,0,,,,,,,,,2161.3,495,2238,0,0,0,,Saline Lakeshore Plain,Deep,,,,None,,,,,,,None,,610,3.7,,,,,,,,FALSE,,,LM,,,,,,,,93,37,93,,AD,,Salt Station,0,0,0,0,0,0,0,0,0,0,0,0,0,0,0,0,4,,2161,495,2161300,495000,3425
888,CU-AZ-288,,CU,AZ,288,CU-AZ-288,0,,,,,,,,,2160.71,494,2240,0,0,0,,Deep Soil Alluvium,Medium,,,,Very Slight,,,,,,,Settlement & Agri,,610,3.1,1,,,,,1750,,FALSE,,,L,,,,,,,,31,16,31,,AD,,Hamlet,0,0,0,1,2,1,0,0,0,0,0,0,0,0,0,0,4,,2161,494,2160710,494000,3426
889,CU-AZ-289,,CU,AZ,289,CU-AZ-289,0,,,,,,,,,2160.42,494,2238,0,0,0,,Saline Lakebed,Deep,,,,None,,,,,,,Settlement,,600,9.5,,,,,,,,FALSE,,,H,,,,,,,,0,0,0,,AD,,Salt Station,0,0,0,0,0,0,0,0,0,0,0,0,0,0,0,0,4,,2160,494,2160420,494000,3427
890,CU-AZ-290,,CU,AZ,290,CU-AZ-290,0,,,,,,,,,2159.85,494,2237,0,0,0,,Saline Lakebed,Deep,,,,None,,,,,,,None,,600,,,,,,,,,FALSE,,,,,,,,,,,0,0,0,,AD,,Salt Station,0,0,0,0,0,0,0,0,0,0,0,0,0,0,0,0,4,,2160,494,2159850,494000,3428
891,CU-AZ-291,,CU,AZ,291,CU-AZ-291,0,,,,,,,,,2160.41,494,2239,0,0,0,,Saline Lakeshore Plain,Deep,,,,None,,,,,,,Settlement & Agri,,610,0.6,,,,,,,,FALSE,,,L,,,,,,,,6,3,6,,AD,,Small Hamlet,0,0,0,0,0,0,0,0,0,0,0,0,0,0,0,0,4,,2160,494,2160410,494000,3429
892,CU-AZ-292,,CU,AZ,292,CU-AZ-292,0,,,,,,,,,2160.97,493,2248,0,0,0,,Deep Soil Alluvium,Deep,,,,None,,,,,,,Settlement & Agri,,610,20.5,,,,,,,,FALSE,,,L,,,,,,,,205,103,205,,AD,,Sm Disp Village,0,0,0,0,0,0,0,0,0,0,1,2,0,0,0,0,4,,2161,493,2160970,493000,3430
893,CU-AZ-293,,CU,AZ,293,CU-AZ-293,0,,,,,,,,,2161.48,493,2295,0,0,0,,Deep Soil Alluvium,Deep,,,,Very Slight,,,,,,,Settlement & Agri,,620,5.2,,,,,,,,FALSE,,,LM,,,,,,,,130,52,130,,AD,,Sm Nucl Village,0,0,0,1,1,0,0,0,0,0,1,1,0,0,0,0,4,,2161,493,2161480,493000,3431
894,CU-AZ-294,,CU,AZ,294,CU-AZ-294,0,,,,,,,,,2161.88,493,2270,0,0,0,,Lower Piedmont,Shallow-Medium,,,,Very Slight,,,,,,,Settlement,,610,0.4,,,,,,,,FALSE,,,L,,,,,,,,4,2,4,,AD,,Small Hamlet,0,0,0,0,0,0,0,0,0,0,1,0,0,0,0,0,4,,2162,493,2161880,493000,3432
895,CU-AZ-295,,CU,AZ,295,CU-AZ-295,0,,,,,,,,,2161.58,492,2263,0,0,0,,Deep Soil Alluvium,Deep,,,,Slight,,,,,,,Settlement & Agri,,620,11.7,,,,,,,,FALSE,,,L,,,,,,,,117,59,117,,AD,,Sm Disp Village,0,0,0,0,0,0,0,0,0,0,0,0,0,0,0,0,4,,2162,492,2161580,492000,3433
896,CU-AZ-296,,CU,AZ,296,CU-AZ-296,0,,,,,,,,,2162.01,492,2275,0,0,0,,Lower Piedmont,Deep,,,,Very Slight,,,,,,,"Graz, Agri, & Set",,620,5.3,,,,,,,,FALSE,,,VL,L,,,,,,,27,11,27,,AD,,Hamlet,0,0,0,2,0,1,0,1,1,1,1,1,0,1,0,0,4,,2162,492,2162010,492000,3434
897,CU-AZ-297,,CU,AZ,297,CU-AZ-297,0,,,,,,,,,2162.28,492,2275,0,0,0,,Lower Piedmont,Shallow-Medium,,,,Slight,,,,,,,Settlement & Agri,,620,3.6,,,,,,,,FALSE,,,L,,,,,,,,36,18,36,,AD,,Hamlet,0,0,0,0,0,0,0,0,0,0,0,1,0,0,0,0,4,,2162,492,2162280,492000,3435
898,CU-AZ-298,,CU,AZ,298,CU-AZ-298,0,,,,,,,,,2162.56,492,2295,0,0,0,,Lower Piedmont,Shallow-Medium,,,,None,,,,,,,Settlement & Agri,,620,3,,,,,,,,FALSE,,,VL,L,,,,,,,15,6,15,,AD,,Small Hamlet,0,0,0,0,0,1,0,1,0,1,0,1,0,0,0,0,4,,2163,492,2162560,492000,3436
899,CU-AZ-299,,CU,AZ,299,CU-AZ-299,0,,,,,,,,,2163.19,491,2333,0,0,0,,Lower Piedmont,Medium,,,,Moderate-Deep,,,,,,,Settlement & Agri,,620,2.9,,,,,,,,FALSE,,,L,,,,,,,,29,15,29,,AD,,Hamlet,0,0,0,0,0,1,0,0,0,0,0,0,0,0,0,0,4,,2163,491,2163190,491000,3437
900,CU-AZ-300,,CU,AZ,300,CU-AZ-300,0,,,,,,,,,2162.68,491,2305,0,0,0,,Lower Piedmont,Shallow,,,,Slight-Moderate,,,,,,,Settlement & Agri,,620,1.2,,,,,,,,FALSE,,,L,,,,,,,,12,6,12,,AD,,Small Hamlet,0,0,0,0,0,0,0,0,0,0,0,1,0,0,0,0,4,,2163,491,2162680,491000,3438
901,CU-AZ-301,,CU,AZ,301,CU-AZ-301,0,,,,,,,,,2162.55,492,2300,0,0,0,,Lower Piedmont,Shallow-Medium,,,,Moderate,,,,,,,Agricultural,,620,2.6,,,,,,,,FALSE,,,VL,L,,,,,,,13,5,13,,AD,,Small Hamlet,0,0,0,0,0,0,0,0,0,0,1,1,0,0,0,0,4,,2163,492,2162550,492000,3439
902,CU-AZ-302,,CU,AZ,302,CU-AZ-302,0,,,,,,,,,2161.93,491,2280,0,0,0,,Lower Piedmont,Shallow-Medium,,,,Moderate-Heavy,,,,,,,Settlement & Agri,,620,0.3,,,,,,,,FALSE,,,VL,L,,,,,,,2,1,2,,AD,,Small Hamlet,0,0,0,0,0,0,0,0,0,0,0,1,0,0,0,0,4,,2162,491,2161930,491000,3440
903,CU-AZ-303,,CU,AZ,303,CU-AZ-303,0,,,,,,,,,2161.85,491,2295,0,0,0,,Lower Piedmont,Shallow-Medium,,,,Moderate-Heavy,,,,,,,Settlement & Agri,,620,0.3,,,,,,,,FALSE,,,L,,,,,,,,3,2,3,,AD,,Small Hamlet,0,0,0,0,0,0,0,0,0,0,0,0,0,0,0,0,4,,2162,491,2161850,491000,3441
904,CU-AZ-304,,CU,AZ,304,CU-AZ-304,0,,,,,,,,,2161.64,491,2275,0,0,0,,Lower Piedmont,Shallow-Medium,,,,Moderate-Heavy,,,,,,,Settlement & Agri,,620,0.6,,,,,,,,FALSE,,,L,,,,,,,,6,3,6,,AD,,Small Hamlet,0,0,0,0,0,0,0,0,0,0,1,1,0,0,0,0,4,,2162,491,2161640,491000,3442
905,CU-AZ-305,,CU,AZ,305,CU-AZ-305,0,,,,,,,,,2160.98,491,2415,0,0,0,,Middle Piedmont,Shallow,,,,Slight-Moderate,,,,,,,Grazing & Agri,,620,1,,,,,,,,FALSE,,,VL,,,,,,,,0,0,0,,AD,,Ceremonial Ctr,0,0,0,0,0,1,0,0,0,0,0,0,0,0,0,0,4,,2161,491,2160980,491000,3443
906,CU-AZ-306,,CU,AZ,306,CU-AZ-306,0,,,,,,,,,2161.48,492,2288,0,0,0,,Lower Piedmont,Shallow,,,,Deep,,,,,,,"Graz, Agri, & Set",,620,4.5,1,,,,,400,,FALSE,,,L,,,,,,,,45,23,45,,AD,,Hamlet,0,0,0,0,0,1,0,1,1,1,1,1,0,0,0,0,4,,2161,492,2161480,492000,3444
907,CU-AZ-307,,CU,AZ,307,CU-AZ-307,0,,,,,,,,,2161.27,492,2270,0,0,0,,Deep Soil Alluvium,Deep,,,,Slight-Moderate,,,,,,,Settlement & Agri,,620,0.6,,,,,,,,FALSE,,,L,,,,,,,,6,3,6,,AD,,Small Hamlet,0,0,0,0,0,0,0,0,0,0,0,0,0,0,0,0,4,,2161,492,2161270,492000,3445
908,CU-AZ-308,,CU,AZ,308,CU-AZ-308,0,,,,,,,,,2161.16,492,2260,0,0,0,,Deep Soil Alluvium,Deep,,,,Slight-Moderate,,,,,,,Settlement & Agri,,620,0.3,,,,,,,,FALSE,,,L,,,,,,,,3,2,3,,AD,,Small Hamlet,0,0,0,0,0,0,0,0,0,0,0,1,0,0,0,0,4,,2161,492,2161160,492000,3446
909,CU-AZ-309,,CU,AZ,309,CU-AZ-309,0,,,,,,,,,2160.29,493,2245,0,0,0,,Deep Soil Alluvium,Deep,,,,None,,,,,,,None,,610,1.7,,,,,,,,FALSE,,,L,,,,,,,,17,9,17,,AD,,Small Hamlet,0,0,0,0,0,0,0,0,0,0,0,0,0,0,0,0,4,,2160,493,2160290,493000,3447
910,CU-AZ-310,,CU,AZ,310,CU-AZ-310,0,,,,,,,,,2159.8,493,2239,0,0,0,,Saline Lakeshore Plain,Deep,,,,None,,,,,,,Settlement,,610,19,1,,,,,2500,,FALSE,,,L,,,,,,,,190,95,190,,AD,,Sm Disp Village,0,0,0,0,0,0,0,1,1,1,1,1,0,0,0,0,4,,2160,493,2159800,493000,3448
911,CU-AZ-311,,CU,AZ,311,CU-AZ-311,0,,,,,,,,,2159.29,492,2238,0,0,0,,Saline Lakeshore Plain,Deep,,,,None,,,,,,,None,,610,0.4,,,,,,,,FALSE,,,L,,,,,,,,4,2,4,,AD,,Salt Station,0,0,0,0,0,0,0,0,0,0,0,0,0,0,0,0,4,,2159,492,2159290,492000,3449
912,CU-AZ-312,,CU,AZ,312,CU-AZ-312,0,,,,,,,,,2159.7,491,2244,0,0,0,,Deep Soil Alluvium,Deep,,,,None,,,,,,,Settlement,,620,35,,,,,,,,FALSE,,,VL,M,,,,,,,350,175,350,,AD,,Sm Disp Village,0,0,0,0,0,0,0,0,0,0,1,0,0,0,0,0,4,,2160,491,2159700,491000,3450
913,CU-AZ-313,,CU,AZ,313,CU-AZ-313,0,,,,,,,,,2159.42,491,2263,0,0,0,,Lower Piedmont,Shallow-Medium,,,,Moderate-Deep,,,,,,,Settlement & Graz,,620,9.8,,,,,,,,FALSE,,,L,,,,,,,,98,49,98,,AD,,Hamlet,0,0,0,0,0,0,0,0,0,0,1,1,0,0,0,0,4,,2159,491,2159420,491000,3451
914,CU-AZ-314,,CU,AZ,314,CU-AZ-314,0,,,,,,,,,2158.87,491,2245,0,0,0,,Deep Soil Alluvium,Deep,,,,None,,,,,,,Settlement,,620,7.6,4,,,,,1200,,FALSE,,,L,,,,,,,,76,38,76,,AD,,Hamlet,0,0,0,0,0,0,0,0,0,0,0,0,0,0,0,0,4,,2159,491,2158870,491000,3452
915,CU-AZ-315,,CU,AZ,315,CU-AZ-315,0,,,,,,,,,2158.42,490,2270,0,0,0,,Lower Piedmont,Shallow-Medium,,,,Moderate-Deep,,,,,,,Grazing,,620,6,,,,,,,,FALSE,,,LM,,,,,,,,150,60,150,,AD,,Sm Nucl Village,0,0,0,0,0,0,0,1,1,1,1,0,0,0,0,0,4,,2158,490,2158420,490000,3453
916,CU-AZ-316,,CU,AZ,316,CU-AZ-316,0,,,,,,,,,2158.48,489,2240,0,0,0,,Lower Piedmont,Deep,,,,None,,,,,,,Settlement & Agri,,620,1,,,,,,,,FALSE,,,L,,,,,,,,10,5,10,,AD,,Small Hamlet,0,0,0,0,0,0,0,0,0,0,0,0,0,0,0,0,4,,2158,489,2158480,489000,3454
917,CU-AZ-317,,CU,AZ,317,CU-AZ-317,0,,,,,,,,,2158.26,489,2247,0,0,0,,Deep Soil Alluvium,Deep,,,,Deep,,,,,,,Settlement & Agri,,620,0.8,,,,,,,,FALSE,,,L,,,,,,,,8,4,8,,AD,,Small Hamlet,0,0,0,0,0,0,0,0,0,0,0,0,0,0,0,0,4,,2158,489,2158260,489000,3455
918,CU-AZ-318,,CU,AZ,318,CU-AZ-318,0,,,,,,,,,2158.44,489,2239,0,0,0,,Deep Soil Alluvium,Deep,,,,None,,,,,,,Settlement & Agri,,620,0.7,,,,,,,,FALSE,,,L,,,,,,,,7,4,7,,AD,,Small Hamlet,0,0,0,0,0,0,0,0,0,0,0,0,0,0,0,0,4,,2158,489,2158440,489000,3456
919,CU-AZ-319,,CU,AZ,319,CU-AZ-319,0,,,,,,,,,2158.14,489,2248,0,0,0,,Deep Soil Alluvium,Deep,,,,None,,,,,,,Agricultural,,620,0.6,,,,,,,,FALSE,,,L,,,,,,,,6,3,6,,AD,,Small Hamlet,0,0,0,0,0,0,0,0,0,0,0,0,0,0,0,0,4,,2158,489,2158140,489000,3457
920,CU-AZ-320,,CU,AZ,320,CU-AZ-320,0,,,,,,,,,2158.39,489,2247,0,0,0,,Deep Soil Alluvium,Deep,,,,None,,,,,,,Settlement,,620,1,,,,,,,,FALSE,,,LM,,,,,,,,25,10,25,,AD,,Hamlet,0,0,0,0,0,0,0,0,0,0,0,0,0,0,0,0,4,,2158,489,2158390,489000,3458
921,CU-AZ-321,,CU,AZ,321,CU-AZ-321,0,,,,,,,,,2158.19,489,2247,0,0,0,,Deep Soil Alluvium,Deep,,,,None,,,,,,,Settlement & Agri,,630,0.3,,,,,,,,FALSE,,,L,,,,,,,,3,2,3,,AD,,Small Hamlet,0,0,0,0,0,0,0,0,0,0,0,0,0,0,0,0,4,,2158,489,2158190,489000,3459
922,CU-AZ-322,,CU,AZ,322,CU-AZ-322,0,,,,,,,,,2158.71,489,2250,0,0,0,,Lower Piedmont,Deep,,,,None,,,,,,,None,,620,4.8,,,,,,,,FALSE,,,LM,,,,,,,,120,48,120,,AD,,Sm Nucl Village,0,0,0,0,0,0,0,0,0,0,0,1,0,0,0,0,4,,2159,489,2158710,489000,3460
923,CU-AZ-323,,CU,AZ,323,CU-AZ-323,0,,,,,,,,,2158.97,489,2275,0,0,0,,Lower Piedmont,Shallow,,,,Moderate,,,,,,,Settlement & Graz,,630,0.1,,,,,,,,FALSE,,,VL,,,,,,,,0,0,0,,AD,,Ceremonial Ctr,0,0,0,0,0,0,0,1,1,1,0,0,0,1,0,0,4,,2159,489,2158970,489000,3461
924,CU-AZ-324,,CU,AZ,324,CU-AZ-324,0,,,,,,,,,2159.4,489,2335,0,0,0,,Lower Piedmont,Shallow,,,,Slight,,,,,,,Settlement & Graz,,620,0.6,,,,,,,,FALSE,,,L,,,,,,,,6,3,6,,AD,,Small Hamlet,0,0,0,0,0,1,0,0,,0,0,1,0,0,0,0,4,,2159,489,2159400,489000,3462
925,CU-AZ-325,,CU,AZ,325,CU-AZ-325,0,,,,,,,,,2159.55,489,2338,0,0,0,,Lower Piedmont,Shallow,,,,Slight,,,,,,,Settlement & Graz,,620,0.6,,,,,,,,FALSE,,,L,,,,,,,,6,3,6,,AD,,Small Hamlet,0,0,0,0,0,0,0,0,0,0,0,0,0,0,0,0,4,,2160,489,2159550,489000,3463
