Site,Region,SitePeriod,SiteNum,NameSort,SiteCode,SiteName,FieldSite Region,FieldSite Period,SurveyYearNumber,Supervisor,Map,North,East,Elev,ElevMed,ElevMin,ElevMax,EZcode,EnvironmentalZone,Soil,SoilMed,SoilMin,SoilMax,Erosion,ErosionMed,ErosionMin,ErosionMax,OtherSiteAggreg,SpatialDiff,VisibFactors,ModernUse,ModernSettlement,Rainfall,Area,MoundDomestic,MoundCeremonial,MoundQuestionable,MoundTotal,MoundRecorded,DMoundArea,VagueMounding,Architecture,TerraceConfidence,TerraceExtent,Sherd1,Sherd2,Sherd3,Sherd4,RubbleSite,WallBases,Walls,Rubble,Population,PopMin,PopMax,RevPopMethod,PopMethod,stcode,SiteType,SubPeriod1,SubPeriod2,OccEF,OccMF,OccLF,OccTF,OccCL,OccEC,OccMC,OccLC,OccET,OccLT,OccAZ,OccEA,OccLA,OccTot,Group,Comments,NorthOld,EastOld,NorthGIS,EastGIS,Recnum
TE-AZ-1,TE,AZ,1,TE-AZ-001,0,,,,,,,2171.05,507,2275,0,0,0,,Lower Piedmont,Medium-Deep,,,,Very Slight,,,,,,,Agricultural,,560,6.3,,,,,,,,FALSE,,,LM,,,,,,,Substantial,315,0,0,,AD,,Sm Nucl Village,0,0,0,0,0,0,0,0,0,0,0,1,0,1,0,0,4,,2171,507,2171050,507000,3632
TE-AZ-2,TE,AZ,2,TE-AZ-002,0,,,,,,,2170.01,504,2265,0,0,0,,Lower Piedmont,Shallow-Medium,,,,Moderate-Deep,,,,,,,None,,550,0.6,1,,,,,100,,FALSE,,,L,LM,,,,,,Substantial,25,0,0,,AD,,Hamlet,0,0,0,0,0,0,0,0,0,0,0,0,0,1,0,0,4,,2170,504,2170010,504000,3633
TE-AZ-3,TE,AZ,3,TE-AZ-003,0,,,,,,,2171.42,504,2333,0,0,0,,Lower Piedmont,Shallow,,,,Moderate-Deep,,,,,,,Grazing & Agri,,550,7.4,6,,,,,1350,,TRUE,,,VL,L,LM,,,,,Unspecified,42,0,0,,HC,,Hamlet,0,0,0,0,0,0,0,0,0,0,1,1,0,1,0,0,4,,2171,504,2171420,504000,3634
TE-AZ-4,TE,AZ,4,TE-AZ-004,0,,,,,,,2168.08,505,2239,0,0,0,,Deep Soil Alluvium,Deep,,,,Very Slight,,,,,,,Grazing,,570,0.6,,,,,,,,FALSE,,,,,,,,,,,10,0,0,,AD,,Hamlet,0,0,0,0,0,0,0,0,0,0,0,0,0,0,0,0,4,,2168,505,2168080,505000,3635
TE-AZ-5,TE,AZ,5,TE-AZ-005,0,,,,,,,2167.93,505,2239,0,0,0,,Deep Soil Alluvium,Deep,,,,None,,,,,,,Grazing & Agri,,570,1.5,6,,,,,5175,,TRUE,,,,,,,,,,,60,0,0,,HC,,Hamlet,0,0,0,0,0,0,0,0,0,0,0,0,0,0,0,0,4,,2168,505,2167930,505000,3636
TE-AZ-6,TE,AZ,6,TE-AZ-006,0,,,,,,,2167.22,506,2239,0,0,0,,Deep Soil Alluvium,Deep,,,,Slight,,,,,,,Grazing,,590,5.6,,,,,,,,FALSE,,,,,,,,,,,,0,0,,AD,,Hamlet,0,0,0,0,0,0,0,0,0,0,0,0,0,0,0,0,4,,2167,506,2167220,506000,3637
TE-AZ-7,TE,AZ,7,TE-AZ-007,0,,,,,,,2166.55,506,2239,0,0,0,,Deep Soil Alluvium,Deep,,,,None,,,,,,,Settlement,,600,10.6,,,,,,,,FALSE,,,,,,,,,,,400,0,0,,AD,,Sm Nucl Village,0,0,0,0,0,1,0,1,1,1,0,0,0,0,0,0,4,,2167,506,2166550,506000,3638
TE-AZ-8,TE,AZ,8,TE-AZ-008,0,,,,,,,2170.19,502,2302,0,0,0,,Lower Piedmont,Shallow,,,,Moderate-Deep,,,,,,,Grazing & Agri,,550,1,,,,,,,,FALSE,,,L,LM,M,,,,,,,0,0,,AD,,Ceremonial Ctr,0,0,0,0,0,0,0,0,0,0,1,1,0,0,0,0,4,,2170,502,2170190,502000,3639
TE-AZ-9,TE,AZ,9,TE-AZ-009,0,Chiconautla,,,,,,2170.08,500,2295,0,0,0,,Deep Soil Alluvium,Medium,,,,Moderate,,,,,,,"Graz, Agri, & Set",,560,131.6,25,,,,,125226,,FALSE,,,,,,,,,,,2200,0,0,,AD,,Provincial Ctr,0,0,0,1,1,2,0,1,1,1,2,3,0,1,0,0,4,Estimate from ethnohistoric data (440 tributarios x 5).,2170,500,2170080,500000,3640
TE-AZ-10,TE,AZ,10,TE-AZ-010,0,,,,,,,2168.08,506,2239,0,0,0,,Deep Soil Alluvium,Deep,,,,Moderate,,,,,,,None,,570,0.1,,,,,,,,FALSE,,,,,,,,,,,10,0,0,,AD,,Small Hamlet,0,0,0,0,0,0,0,0,0,0,0,0,0,0,0,0,4,,2168,506,2168080,506000,3641
TE-AZ-11,TE,AZ,11,TE-AZ-011,0,Tepexpan,,,,,,2168.97,507,2257,0,0,0,,Deep Soil Alluvium,Deep,,,,Very Slight,,,,,,,"Graz, Agri, & Set",,590,145,,,,,,,,FALSE,,,,,,,,,,,7250,0,0,,AD,,Provincial Ctr,0,0,0,0,1,1,0,1,1,0,0,0,0,0,0,0,4,,2169,507,2168970,507000,3642
TE-AZ-12,TE,AZ,12,TE-AZ-012,0,Acolman,,,,,,2170.79,508,2265,0,0,0,,Deep Soil Alluvium,Medium,,,,Moderate-Deep,,,,,,,Settlement & Agri,,580,101.9,,,,,,,,FALSE,,,,,,,,,,,4500,0,0,,AD,,Provincial Ctr,0,0,0,0,0,1,0,1,1,1,2,2,0,1,0,0,4,,2171,508,2170790,508000,3643
TE-AZ-13,TE,AZ,13,TE-AZ-013,0,,,,,,,2169.65,506,2265,0,0,0,,Lower Piedmont,Shallow,,,,Moderate-Deep,,,,,,,"Graz, Agri, & Qua",,570,90,11,,,,,59925,,FALSE,,,,,,,,,,,210,0,0,,AD,,Sm Disp Village,0,0,0,0,0,1,0,0,0,0,1,1,0,0,0,0,4,,2170,506,2169650,506000,3644
TE-AZ-14,TE,AZ,14,TE-AZ-014,0,,,,,,,2177.42,509,2315,0,0,0,,Lower Piedmont,Very Shallow,,,,Deep,,,,,,,Agricultural,,540,26,12,,,,,3675,,TRUE,,,,,,,,,,,105,0,0,,HC,,Sm Disp Village,0,0,0,0,0,1,0,0,0,0,0,0,0,0,0,0,4,,2177,509,2177420,509000,3645
TE-AZ-15,TE,AZ,15,TE-AZ-015,0,,,,,,,2178.69,509,2340,0,0,0,,Lower Piedmont,Very Shallow,,,,Deep,,,,,,,Grazing & Agri,,540,8,5,,,,,3125,,TRUE,,,,,,,,,,,49,0,0,,HC,,Hamlet,0,0,0,0,0,0,0,0,0,0,0,0,0,0,0,0,4,,2179,509,2178690,509000,3646
TE-AZ-16,TE,AZ,16,TE-AZ-016,0,,,,,,,2178.88,509,2322,0,0,0,,Lower Piedmont,Shallow,,,,Moderate-Deep,,,,,,,Grazing & Agri,,540,17,14,,,,,5600,,TRUE,,,,,,,,,,,98,0,0,,HC,,Hamlet,0,0,0,0,0,0,0,0,0,0,0,0,0,0,0,0,4,,2179,509,2178880,509000,3647
TE-AZ-17,TE,AZ,17,TE-AZ-017,0,,,,,,,2178.17,509,2328,0,0,0,,Lower Piedmont,Very Shallow,,,,Moderate-Deep,,,,,,,Grazing & Agri,,540,34,9,,,,,2756.25,,FALSE,,,,,,,,,,,210,0,0,,AD,,Sm Disp Village,0,0,0,0,0,0,0,0,0,0,0,0,0,1,0,0,4,,2178,509,2178170,509000,3648
TE-AZ-18,TE,AZ,18,TE-AZ-018,0,,,,,,,2178.88,508,2316,0,0,0,,Lower Piedmont,Shallow,,,,Moderate-Deep,,,,,,,"Graz, Agri, & Set",,550,28,25,,,,,31025,,TRUE,,,,,,,,,,,245,0,0,,HC,,Sm Disp Village,0,0,0,0,0,0,0,0,0,0,0,1,0,1,0,0,4,,2179,508,2178880,508000,3649
TE-AZ-19,TE,AZ,19,TE-AZ-019,0,,,,,,,2178.72,510,2314,0,0,0,,Lower Piedmont,Very Shallow,,,,Moderate-Deep,,,,,,,Grazing & Agri,,540,26,8,,,,,3975,,FALSE,,,,,,,,,,,,0,0,,AD,,Sm Disp Village,0,0,0,0,0,0,0,0,0,0,0,1,0,1,0,0,4,,2179,510,2178720,510000,3650
TE-AZ-20,TE,AZ,20,TE-AZ-020,0,,,,,,,2178.99,510,2308,0,0,0,,Lower Piedmont,Very Shallow,,,,Deep,,,,,,,Grazing & Agri,,550,0.9,,,,,,,,FALSE,,,,,,,,,,,,0,0,,AD,,Hamlet,0,0,0,0,0,0,0,0,0,0,0,0,0,0,0,0,4,,2179,510,2178990,510000,3651
TE-AZ-21,TE,AZ,21,TE-AZ-021,0,,,,,,,2179.42,509,2330,0,0,0,,Lower Piedmont,Shallow,,,,Moderate-Deep,,,,,,,"Graz, Agri, & Qua",,550,11,3,,,,,2625,,FALSE,,,,,,,,,,,70,0,0,,AD,,Hamlet,0,0,0,0,1,1,0,0,0,0,0,1,0,1,0,0,4,,2179,509,2179420,509000,3652
TE-AZ-23,TE,AZ,23,TE-AZ-023,0,,,,,,,2177.17,511,2309,0,0,0,,Lower Piedmont,Very Shallow,,,,Moderate-Deep,,,,,,,Grazing & Agri,,540,63,,,,,,,,FALSE,,,,,,,,,,,152,0,0,,AD,,Sm Disp Village,0,0,0,0,0,3,0,0,0,0,0,0,0,1,0,0,4,,2177,511,2177170,511000,3653
TE-AZ-24,TE,AZ,24,TE-AZ-024,0,,,,,,,2178.02,510,2324,0,0,0,,Lower Piedmont,Very Shallow,,,,Moderate-Deep,,,,,,,Grazing & Agri,,540,45,,,,,,,,FALSE,,,,,,,,,,,89,0,0,,AD,,Hamlet,0,0,0,0,0,2,0,0,0,0,0,1,0,1,0,0,4,,2178,510,2178020,510000,3654
TE-AZ-25,TE,AZ,25,TE-AZ-025,0,,,,,,,2177.51,508,2325,0,0,0,,Lower Piedmont,Very Shallow,,,,Moderate-Deep,,,,,,,"Graz, Agri, & Set",,540,37,19,,,,,11875,,TRUE,,,,,,,,,,,210,0,0,,AD,,Sm Disp Village,0,0,0,0,0,0,0,1,1,1,0,1,0,1,0,0,4,,2178,508,2177510,508000,3655
TE-AZ-26,TE,AZ,26,TE-AZ-026,0,,,,,,,2169.55,513,2318,0,0,0,,Lower Piedmont,Very Shallow,,,,Deep,,,,,,,Grazing & Agri,,620,22,6,,,,,5400,,FALSE,,,,,,,,,,,105,0,0,,AD,,Sm Disp Village,0,0,0,0,0,0,0,0,0,0,0,0,0,1,0,0,4,,2170,513,2169550,513000,3656
TE-AZ-27,TE,AZ,27,TE-AZ-027,0,,,,,,,2168.89,513,2309,0,0,0,,Lower Piedmont,Shallow-Medium,,,,Moderate-Deep,,,,,,,Grazing & Agri,,620,35,22,,,,,11644,,TRUE,,,,,,,,,,,245,0,0,,AD,,Sm Disp Village,0,0,0,0,0,0,0,0,0,0,0,1,0,1,0,0,4,,2169,513,2168890,513000,3657
TE-AZ-28,TE,AZ,28,TE-AZ-028,0,,,,,,,2169.01,514,2340,0,0,0,,Lower Piedmont,Shallow,,,,Moderate-Deep,,,,,,,Grazing & Agri,,620,28,16,,,,,17750,,TRUE,,,,,,,,,,,175,0,0,,AD,,Sm Disp Village,0,0,0,0,0,0,0,0,0,0,0,1,0,1,0,0,4,,2169,514,2169010,514000,3658
TE-AZ-29,TE,AZ,29,TE-AZ-029,0,,,,,,,2168.43,514,2360,0,0,0,,Lower Piedmont,Shallow,,,,Moderate-Deep,,,,,,,Grazing & Agri,,620,44,37,,,,,11331.25,,TRUE,,,,,,,,,,,350,0,0,,HC,,Sm Disp Village,0,0,0,0,0,0,0,0,0,0,0,1,0,1,0,0,4,,2168,514,2168430,514000,3659
TE-AZ-30,TE,AZ,30,TE-AZ-030,0,,,,,,,2167.75,514,2348,0,0,0,,Middle Piedmont,Very Shallow,,,,Deep,,,,,,,Grazing,,630,8,2,,,,,1250,,FALSE,,,,,,,,,,,42,0,0,,AD,,Hamlet,0,0,0,0,0,0,0,0,0,0,0,0,0,1,0,0,4,,2168,514,2167750,514000,3660
TE-AZ-31,TE,AZ,31,TE-AZ-031,0,,,,,,,2168.19,513,2315,0,0,0,,Lower Piedmont,Very Shallow,,,,Moderate-Deep,,,,,,,Grazing & Agri,,620,11,3,,,,,1518.75,,TRUE,,,,,,,,,,,42,0,0,,HC,,Hamlet,0,0,0,0,0,0,0,0,0,0,0,0,0,0,0,0,4,,2168,513,2168190,513000,3661
TE-AZ-32,TE,AZ,32,TE-AZ-032,0,,,,,,,2167.64,513,2333,0,0,0,,Lower Piedmont,Shallow-Medium,,,,Moderate-Deep,,,,,,,Grazing & Agri,,620,22,9,,,,,3600,,TRUE,,,,,,,,,,,105,0,0,,AD,,Sm Disp Village,0,0,0,0,0,0,0,0,0,0,0,1,0,1,0,0,4,,2168,513,2167640,513000,3662
TE-AZ-33,TE,AZ,33,TE-AZ-033,0,,,,,,,2167.95,513,2360,0,0,0,,Middle Piedmont,Shallow,,,,Moderate-Deep,,,,,,,Grazing,,620,0.8,,,,,,,,FALSE,,,,,,,,,,,0,0,0,,AD,,Ceremonial Ctr,0,0,0,0,0,0,0,0,0,0,0,0,0,0,0,0,4,,2168,513,2167950,513000,3663
TE-AZ-34,TE,AZ,34,TE-AZ-034,0,Tezoyuca,,,,,,2166.78,512,2315,0,0,0,,Lower Piedmont,Shallow-Medium,,,,Moderate-deep,,,,,,,"Graz, Agri, & Set",,630,83,9,,,,,5625,,FALSE,,,,,,,,,,,280,0,0,,AD,,Sm Disp Village,0,0,0,0,0,1,0,0,0,0,0,1,0,1,0,0,4,,2167,512,2166780,512000,3664
TE-AZ-36,TE,AZ,36,TE-AZ-036,0,,,,,,,2174.9,528,2445,0,0,0,,Middle Piedmont,Very Shallow,,,,Moderate-Deep,,,,,,,Grazing & Agri,,640,72,32,,,,,20000,,TRUE,,,,,,,,,,,350,0,0,,HC,,Sm Disp Village,0,0,0,0,0,2,0,1,1,1,0,0,0,0,0,0,4,,2175,528,2174900,528000,3665
TE-AZ-37,TE,AZ,37,TE-AZ-037,0,,,,,,,2173.99,528,2495,0,0,0,,Upper Piedmont,Very Shallow,,,,Moderate-Deep,,,,,,,"Graz, Agri, & Set",,650,102,17,,,,,5881.25,,FALSE,,,,,,,,,,,420,0,0,,AD,,Sm Disp Village,0,0,0,0,0,0,0,0,0,0,0,1,0,0,0,0,4,,2174,528,2173990,528000,3666
TE-AZ-38,TE,AZ,38,TE-AZ-038,0,,,,,,,2173.01,529,2560,0,0,0,,Upper Piedmont,Shallow,,,,Deep,,,,,,,"Graz, Agri, & Set",,650,88,65,,,,,40675,,TRUE,,,,,,,,,,,490,0,0,,HC,,Sm Disp Village,0,0,0,0,0,0,0,0,0,0,0,1,0,0,0,0,4,,2173,529,2173010,529000,3667
TE-AZ-39,TE,AZ,39,TE-AZ-039,0,,,,,,,2175.1,527,2425,0,0,0,,Middle Piedmont,Shallow-Medium,,,,Moderate-Deep,,,,,,,Settlement & Agri,,640,101,29,,,,,11600,,TRUE,,,,,,,,,,,280,0,0,,HC,,Sm Disp Village,0,0,0,0,0,0,0,0,0,0,0,1,0,0,0,0,4,,2175,527,2175100,527000,3668
TE-AZ-40,TE,AZ,40,TE-AZ-040,0,,,,,,,2188.9,515,2414,0,0,0,,Middle Piedmont,Shallow,,,,Moderate-Deep,,,,,,,Agricultural,,550,18,21,,,,,13100,,TRUE,,,,,,,,,,,280,0,0,,AD,,Sm Disp Village,0,0,0,0,0,0,0,1,1,1,0,1,0,0,0,0,4,,2189,515,2188900,515000,3669
TE-AZ-41,TE,AZ,41,TE-AZ-041,0,,,,,,,2189.54,514,2395,0,0,0,,Middle Piedmont,Shallow-Medium,,,,Deep,,,,,,,Agricultural,,550,9,23,,,,,6630,,TRUE,,,,,,,,,,,280,0,0,,AD,,Sm Disp Village,0,0,0,0,0,1,0,1,1,1,0,0,0,0,0,0,4,,2190,514,2189540,514000,3670
TE-AZ-42,TE,AZ,42,TE-AZ-042,0,,,,,,,2186.6,516,2520,0,0,0,,Upper Piedmont,Very Shallow,,,,Deep,,,,,,,Agricultural,,540,7,20,,,,,,,TRUE,,,,,,,,,,,105,0,0,,AD,,Sm Disp Village,0,0,0,2,1,2,0,0,0,0,0,0,0,0,0,0,4,,2187,516,2186600,516000,3671
TE-AZ-43,TE,AZ,43,TE-AZ-043,0,,,,,,,2188.34,514,2425,0,0,0,,Middle Piedmont,Medium,,,,Moderate,,,,,,,Agricultural,,550,18,20,,,,,8739,,TRUE,,,,,,,,,,,315,0,0,,AD,,Sm Disp Village,0,0,0,0,1,3,0,1,1,1,0,4,0,0,0,0,4,,2188,514,2188340,514000,3672
TE-AZ-44,TE,AZ,44,TE-AZ-044,0,,,,,,,2189.42,514,2408,0,0,0,,Middle Piedmont,Medium-Deep,,,,Slight,,,,,,,Settlement & Agri,,550,6,22,,,,,,,TRUE,,,,,,,,,,,105,0,0,,AD,,Sm Disp Village,0,0,0,0,1,1,0,1,1,1,0,0,0,0,0,0,4,,2189,514,2189420,514000,3673
TE-AZ-45,TE,AZ,45,TE-AZ-045,0,,,,,,,2187.5,518,2520,0,0,0,,Upper Piedmont,Shallow-Medium,,,,Slight,,,,,,,Settlement & Agri,,530,38,10,,,,,8750,,FALSE,,,,,,,,,,,100,0,0,,HC,,Sm Disp Village,0,0,0,0,0,2,0,2,2,0,0,1,0,0,0,0,4,,2188,518,2187500,518000,3674
TE-AZ-46,TE,AZ,46,TE-AZ-046,0,,,,,,,2186.89,518,2568,0,0,0,,Upper Piedmont,Very Shallow,,,,Moderate-Deep,,,,,,,Grazing & Agri,,530,15,13,,,,,1805.555556,,TRUE,,,,,,,,,,,280,0,0,,AD,,Sm Disp Village,0,0,0,0,0,1,0,1,1,1,0,1,0,0,0,0,4,,2187,518,2186890,518000,3675
TE-AZ-47,TE,AZ,47,TE-AZ-047,0,,,,,,,2187.58,517,2503,0,0,0,,Upper Piedmont,Very Shallow,,,,Moderate-Deep,,,,,,,Grazing & Agri,,530,4.7,1,,,,,750,,FALSE,,,,,,,,,,,105,0,0,,AD,,Sm Disp Village,0,0,0,0,0,2,0,1,1,0,0,0,0,0,0,0,4,,2188,517,2187580,517000,3676
TE-AZ-48,TE,AZ,48,TE-AZ-048,0,,,,,,,2188.02,517,2470,0,0,0,,Middle Piedmont,Very Shallow,,,,Deep,,,,,,,Grazing & Agri,,530,3.5,0,,,,,,,FALSE,,,,,,,,,,,42,0,0,,HC,,Hamlet,0,0,0,0,0,3,0,2,2,0,0,0,0,0,0,0,4,,2188,517,2188020,517000,3677
TE-AZ-49,TE,AZ,49,TE-AZ-049,0,,,,,,,2186.68,517,2555,0,0,0,,Upper Piedmont,Very Shallow,,,,Moderate-Deep,,,,,,,Settlement,,530,5.2,12,,,,,,,TRUE,,,,,,,,,,,105,0,0,,HC,,Sm Disp Village,0,0,0,0,0,1,0,1,1,0,0,0,0,0,0,0,4,,2187,517,2186680,517000,3678
TE-AZ-50,TE,AZ,50,TE-AZ-050,0,,,,,,,2186.42,517,2565,0,0,0,,Upper Piedmont,Shallow,,,,Moderate-Deep,,,,,,,Grazing & Agri,,530,4.7,4,,,,,693,,FALSE,,,,,,,,,,,70,0,0,,HC,,Hamlet,0,0,0,0,0,2,0,1,1,0,0,0,0,0,0,0,4,,2186,517,2186420,517000,3679
TE-AZ-51,TE,AZ,51,TE-AZ-051,0,,,,,,,2186.07,517,2585,0,0,0,,Upper Piedmont,Shallow,,,,Deep,,,,,,,Grazing & Agri,,530,14,25,,,,,7524,,TRUE,,,,,,,,,,,245,0,0,,HC,,Sm Disp Village,0,0,0,0,0,0,0,1,1,1,0,0,0,0,0,0,4,,2186,517,2186070,517000,3680
TE-AZ-52,TE,AZ,52,TE-AZ-052,0,,,,,,,2186.4,516,2520,0,0,0,,Upper Piedmont,Very Shallow,,,,Deep,,,,,,,Grazing & Agri,,540,2.2,0,,,,,,,FALSE,,,,,,,,,,,42,0,0,,HC,,Hamlet,0,0,0,0,0,0,0,0,0,0,0,1,0,0,0,0,4,,2186,516,2186400,516000,3681
TE-AZ-53,TE,AZ,53,TE-AZ-053,0,,,,,,,2188.08,516,2453,0,0,0,,Middle Piedmont,Shallow,,,,Moderate,,,,,,,Grazing & Agri,,540,5.6,0,,,,,,,FALSE,,,,,,,,,,,42,0,0,,HC,,Hamlet,0,0,0,0,0,1,0,1,1,0,0,1,0,0,0,0,4,,2188,516,2188080,516000,3682
TE-AZ-54,TE,AZ,54,TE-AZ-054,0,,,,,,,2188.68,516,2427,0,0,0,,Middle Piedmont,Unknown,,,,Unknown,,,,,,,Agricultural,,540,7.9,0,,,,,,,FALSE,,,,,,,,,,,105,0,0,,HC,,Sm Disp Village,0,0,0,0,0,1,0,0,0,0,0,0,0,0,0,0,4,,2189,516,2188680,516000,3683
TE-AZ-55,TE,AZ,55,TE-AZ-055,0,,,,,,,2188.95,515,2420,0,0,0,,Middle Piedmont,Shallow-Medium,,,,Moderate,,,,,,,Agricultural,,540,8.7,6,,,,,,,TRUE,,,,,,,,,,,105,0,0,,AD,,Sm Disp Village,0,0,0,0,0,1,0,1,1,1,0,0,0,0,0,0,4,,2189,515,2188950,515000,3684
TE-AZ-56,TE,AZ,56,TE-AZ-056,0,,,,,,,2174.71,526,2428,0,0,0,,Middle Piedmont,Very Shallow,,,,Moderate-Deep,,,,,,,"Graz, Agri, & Set",,640,52,10,,,,,9000,,FALSE,,,,,,,,,,,140,0,0,,AD,,Sm Disp Village,0,0,0,0,0,4,0,1,1,1,1,1,0,0,0,0,4,,2175,526,2174710,526000,3685
TE-AZ-57,TE,AZ,57,TE-AZ-057,0,,,,,,,2174.39,525,2423,0,0,0,,Middle Piedmont,Very Shallow,,,,Moderate-Deep,,,,,,,"Graz, Agri, & Set",,640,161,28,,,,,24475,,TRUE,,,,,,,,,,,350,0,0,,AD,,Sm Disp Village,0,0,0,0,0,3,0,0,0,0,0,2,0,0,0,0,4,,2174,525,2174390,525000,3686
TE-AZ-58,TE,AZ,58,TE-AZ-058,0,,,,,,,2173.29,525,2455,0,0,0,,Middle Piedmont,Unknown,,,,Moderate-Deep,,,,,,,Settlement & Agri,,640,135,19,,,,,17100,,TRUE,,,,,,,,,,,210,0,0,,AD,,Sm Disp Village,0,0,0,0,0,6,0,4,4,4,0,5,0,0,0,0,4,,2173,525,2173290,525000,3687
TE-AZ-59,TE,AZ,59,TE-AZ-059,0,,,,,,,2171.91,525,2525,0,0,0,,Upper Piedmont,Very Shallow,,,,Moderate-Deep,,,,,,,"Graz, Agri, & Set",,650,95,10,,,,,5200,,FALSE,,,,,,,,,,,245,0,0,,AD,,Sm Disp Village,0,0,0,0,0,1,0,1,1,1,0,1,0,0,0,0,4,,2172,525,2171910,525000,3688
TE-AZ-60,TE,AZ,60,TE-AZ-060,0,,,,,,,2180.91,519,2365,0,0,0,,Middle Piedmont,Shallow,,,,Moderate,,,,,,,Unknown,,570,29,45,,,,,,,TRUE,,,,,,,,,,,350,0,0,,HC,,Sm Disp Village,0,0,0,0,0,0,0,0,0,0,0,0,0,0,0,0,4,,2181,519,2180910,519000,3689
TE-AZ-61,TE,AZ,61,TE-AZ-061,0,,,,,,,2180.83,519,2355,0,0,0,,Lower Piedmont,Unknown,,,,Moderate-Deep,,,,,,,Unknown,,570,24,17,,,,,4400,,TRUE,,,,,,,,,,,175,0,0,,AD,,Sm Disp Village,0,0,0,0,0,1,0,0,0,0,0,0,0,0,0,0,4,,2181,519,2180830,519000,3690
TE-AZ-62,TE,AZ,62,TE-AZ-062,0,,,,,,,2180.78,519,2353,0,0,0,,Lower Piedmont,Unknown,,,,Deep,,,,,,,Unknown,,580,47,35,,,,,14000,,TRUE,,,,,,,,,,,420,0,0,,AD,,Sm Disp Village,0,0,0,0,0,2,0,0,0,0,0,3,0,0,0,0,4,,2181,519,2180780,519000,3691
TE-AZ-63,TE,AZ,63,TE-AZ-063,0,,,,,,,2181,520,2355,0,0,0,,Middle Piedmont,Very Shallow,,,,Deep,,,,,,,Unknown,,590,60,25,,,,,9600,,TRUE,,,,,,,,,,,350,0,0,,HC,,Sm Disp Village,0,0,0,0,2,0,0,0,0,0,0,2,0,0,0,0,4,,2181,520,2181000,520000,3692
TE-AZ-64,TE,AZ,64,TE-AZ-064,0,,,,,,,2181.55,522,2390,0,0,0,,Middle Piedmont,Unknown,,,,Deep,,,,,,,Unknown,,600,38,16,,,,,,,TRUE,,,,,,,,,,,210,0,0,,AD,,Sm Disp Village,0,0,0,0,0,0,0,0,0,0,0,1,0,0,0,0,4,,2182,522,2181550,522000,3693
TE-AZ-65,TE,AZ,65,TE-AZ-065,0,,,,,,,2181.12,522,2367,0,0,0,,Middle Piedmont,Unknown,,,,Unknown,,,,,,,Unknown,,610,25,4,,,,,,,FALSE,,,,,,,,,,,,0,0,,HC,,Hamlet,0,0,0,0,0,0,0,0,0,0,0,1,0,0,0,0,4,,2181,522,2181120,522000,3694
TE-AZ-66,TE,AZ,66,TE-AZ-066,0,,,,,,,2181.67,522,2384,0,0,0,,Middle Piedmont,Unknown,,,,Unknown,,,,,,,Unknown,,610,24,10,,,,,,,FALSE,,,,,,,,,,,,0,0,,HC,,Hamlet,0,0,0,0,0,0,0,0,0,0,0,1,0,0,0,0,4,,2182,522,2181670,522000,3695
TE-AZ-67,TE,AZ,67,TE-AZ-067,0,,,,,,,2181.28,523,2360,0,0,0,,Middle Piedmont,Unknown,,,,Unknown,,,,,,,Unknown,,610,5,0,,,,,,,FALSE,,,,,,,,,,,85,0,0,,HC,,Hamlet,0,0,0,0,0,0,0,0,0,0,1,1,0,0,0,0,4,,2181,523,2181280,523000,3696
TE-AZ-68,TE,AZ,68,TE-AZ-068,0,,,,,,,2181.28,523,2368,0,0,0,,Middle Piedmont,Unknown,,,,Unknown,,,,,,,Unknown,,610,8,8,,,,,,,TRUE,,,,,,,,,,,85,0,0,,HC,,Hamlet,0,0,0,0,0,1,0,0,0,0,1,1,0,0,0,0,4,,2181,523,2181280,523000,3697
TE-AZ-69,TE,AZ,69,TE-AZ-069,0,,,,,,,2181.71,523,2345,0,0,0,,Middle Piedmont,Unknown,,,,Unknown,,,,,,,Unknown,,610,73,22,,,,,,,TRUE,,,,,,,,,,,385,0,0,,AD,,Sm Disp Village,0,0,0,0,0,1,0,0,0,0,0,6,0,0,0,0,4,,2182,523,2181710,523000,3698
TE-AZ-70,TE,AZ,70,TE-AZ-070,0,,,,,,,2181.18,524,2360,0,0,0,,Middle Piedmont,Medium,,,,Deep,,,,,,,Agricultural,,610,63,10,,,,,,,FALSE,,,,,,,,,,,385,0,0,,AD,,Sm Disp Village,0,0,0,0,0,0,0,0,0,0,1,2,0,0,0,0,4,,2181,524,2181180,524000,3699
TE-AZ-71,TE,AZ,71,TE-AZ-071,0,,,,,,,2171.52,524,2430,0,0,0,,Middle Piedmont,Shallow,,,,Deep,,,,,,,Agricultural,,650,99,32,,,,,15793.75,,TRUE,,,,,,,,,,,420,0,0,,AD,,Sm Disp Village,0,0,0,0,0,3,0,3,3,3,0,1,0,0,0,0,4,,2172,524,2171520,524000,3700
TE-AZ-72,TE,AZ,72,TE-AZ-072,0,,,,,,,2174.39,530,2615,0,0,0,,Upper Piedmont,Very Shallow,,,,Moderate,,,,,,,Agricultural,,650,,,,,,,,,FALSE,,,,,,,,,,,0,0,0,,AD,,Ceremonial Ctr,0,0,0,0,0,0,0,0,0,0,0,0,0,0,0,0,4,,2174,530,2174390,530000,3701
TE-AZ-73,TE,AZ,73,TE-AZ-073,0,,,,,,,2174.92,529,2495,0,0,0,,Middle Piedmont,Medium-Deep,,,,Moderate-Deep,,,,,,,Settlement,,650,74,17,,,,,7643.75,,TRUE,,,,,,,,,,,210,0,0,,AD,,Sm Disp Village,0,0,0,2,1,0,0,0,0,0,0,1,0,1,0,0,4,,2175,529,2174920,529000,3702
TE-AZ-74,TE,AZ,74,TE-AZ-074,0,,,,,,,2175.03,531,2547,0,0,0,,Upper Piedmont,Unknown,,,,Moderate-Deep,,,,,,,"Graz, Agri, & Set",,640,33,17,,,,,7175,,TRUE,,,,,,,,,,,210,0,0,,AD,,Sm Disp Village,0,0,0,0,0,0,0,0,0,0,0,0,0,0,0,0,4,,2175,531,2175030,531000,3703
TE-AZ-75,TE,AZ,75,TE-AZ-075,0,,,,,,,2174.4,531,2585,0,0,0,,Upper Piedmont,Medium-Deep,,,,Moderate-Deep,,,,,,,"Graz, Agri, & Set",,650,36,17,,,,,6236.25,,TRUE,,,,,,,,,,,210,0,0,,AD,,Sm Disp Village,0,0,0,0,1,1,0,0,0,0,0,1,0,0,0,0,4,,2174,531,2174400,531000,3704
TE-AZ-76,TE,AZ,76,TE-AZ-076,0,,,,,,,2173.49,531,2635,0,0,0,,Upper Piedmont,Medium-Deep,,,,Moderate-Deep,,,,,,,"Graz, Agri, & Set",,650,65,8,,,,,4937.5,,FALSE,,,,,,,,,,,140,0,0,,AD,,Sm Disp Village,0,0,0,0,0,0,0,0,0,0,0,0,0,0,0,0,4,,2173,531,2173490,531000,3705
TE-AZ-77,TE,AZ,77,TE-AZ-077,0,,,,,,,2176.42,531,2520,0,0,0,,Upper Piedmont,Shallow-Medium,,,,Moderate-Deep,,,,,,,"Graz, Agri, & Set",,640,24,13,,,,,10292.5,,TRUE,,,,,,,,,,,140,0,0,,HC,,Sm Disp Village,0,0,0,0,1,1,0,0,0,0,0,1,0,0,0,0,4,,2176,531,2176420,531000,3706
TE-AZ-78,TE,AZ,78,TE-AZ-078,0,,,,,,,2176.61,532,2525,0,0,0,,Upper Piedmont,Shallow,,,,Moderate-Deep,,,,,,,Grazing & Agri,,630,12,12,1,,13,,6993.75,,TRUE,,,,,,,,,,,105,0,0,,HC,,Sm Disp Village,0,0,0,0,0,0,0,0,0,0,0,1,0,0,0,0,4,,2177,532,2176610,532000,3707
TE-AZ-79,TE,AZ,79,TE-AZ-079,0,,,,,,,2176.5,532,2545,0,0,0,,Upper Piedmont,Very Shallow,,,,Moderate-Deep,,,,,,,Grazing & Agri,,640,4.5,2,,,,,800,,FALSE,,,,,,,,,,,42,0,0,,AD,,Hamlet,0,0,0,0,0,0,0,0,0,0,0,0,0,0,0,0,4,,2176,532,2176500,532000,3708
TE-AZ-80,TE,AZ,80,TE-AZ-080,0,Otumba,,,,,,2176.95,525,2370,0,0,0,,Lower Piedmont,Medium-Deep,,,,Moderate-Deep,,,,,,,"Graz, Agri, & Set",,630,200,27,,,,,6926,,FALSE,,,,,,,,,,,6000,0,0,,AD,,Provincial Ctr,0,0,0,0,0,1,0,2,2,2,0,4,0,0,0,0,4,,2177,525,2176950,525000,3709
TE-AZ-81,TE,AZ,81,TE-AZ-081,0,Cihuatecpan,,,,,,2178.97,531,2465,0,0,0,,Middle Piedmont,Shallow,,,,Deep,,,,,,,Grazing & Agri,,620,120,29,,,,,5706,,FALSE,,,,,,,,,,,1260,0,0,,AD,,Lg Disp Village,0,0,0,0,0,1,0,1,1,1,0,3,0,0,0,0,4,,2179,531,2178970,531000,3710
TE-AZ-82,TE,AZ,82,TE-AZ-082,0,,,,,,,2175.71,532,2575,0,0,0,,Upper Piedmont,Very Shallow,,,,Deep,,,,,,,Grazing & Agri,,640,21,22,,,,,11879.75,,TRUE,,,,,,,,,,,210,0,0,,AD,,Sm Disp Village,0,0,0,0,1,1,0,0,0,0,0,2,0,0,0,0,4,,2176,532,2175710,532000,3711
TE-AZ-83,TE,AZ,83,TE-AZ-083,0,,,,,,,2174.76,532,2630,0,0,0,,Upper Piedmont,Very Shallow,,,,Deep,,,,,,,Grazing,,650,18,9,,,,,3168.75,,FALSE,,,,,,,,,,,,0,0,,AD,,Sm Disp Village,0,0,0,0,0,0,0,0,0,0,0,0,0,0,0,0,4,,2175,532,2174760,532000,3712
TE-AZ-84,TE,AZ,84,TE-AZ-084,0,,,,,,,2177.49,533,2580,0,0,0,,Upper Piedmont,Medium,,,,Slight,,,,,,,Grazing & Agri,,630,,8,,,,,3575,,FALSE,,,,,,,,,,,,0,0,,AD,,Unknown,0,0,0,0,0,0,0,0,0,0,0,1,0,0,0,0,4,,2177,533,2177490,533000,3713
TE-AZ-85,TE,AZ,85,TE-AZ-085,0,,,,,,,2173.45,527,2508,0,0,0,,Upper Piedmont,Very Shallow,,,,Deep,,,,,,,Grazing & Agri,,650,43,30,,,,,11268.75,,TRUE,,,,,,,,,,,280,0,0,,HC,,Sm Disp Village,0,0,0,0,0,5,0,1,1,1,0,1,0,0,0,0,4,,2173,527,2173450,527000,3714
TE-AZ-86,TE,AZ,86,TE-AZ-086,0,,,,,,,2172.6,527,2543,0,0,0,,Upper Piedmont,Shallow-Medium,,,,Moderate-Deep,,,,,,,Agricultural,,650,27,8,,,,,3887.5,,FALSE,,,,,,,,,,,140,0,0,,AD,,Sm Disp Village,0,0,0,0,0,2,0,1,1,1,1,1,0,0,0,0,4,,2173,527,2172600,527000,3715
TE-AZ-87,TE,AZ,87,TE-AZ-087,0,,,,,,,2170.75,512,2285,0,0,0,,Lower Piedmont,Medium,,,,Moderate-Deep,,,,,,,"Agri, Set, & Quar",,610,64,,,,,,,,FALSE,,,,,,,,,,,,0,0,,AD,,Lg Disp Village,0,0,0,0,0,1,0,1,1,0,1,1,0,0,0,0,4,,2171,512,2170750,512000,3716
TE-AZ-88,TE,AZ,88,TE-AZ-088,0,,,,,,,2172.53,503,2520,0,0,0,,Upper Piedmont,Unknown,,,,Unknown,,,,,,,Unknown,,550,,,,,,,,,FALSE,,,,,,,,,,,60,0,0,,AD,,Hamlet,0,0,0,0,0,0,0,0,0,0,0,1,0,0,0,0,4,,2173,503,2172530,503000,3717
TE-AZ-89,TE,AZ,89,TE-AZ-089,0,,,,,,,2172,504,2400,0,0,0,,Lower Piedmont,Unknown,,,,Unknown,,,,,,,Unknown,,550,,,,,,,,,FALSE,,,,,,,,,,,0,0,0,,AD,,Ceremonial Ctr,0,0,0,0,0,0,0,0,0,0,1,1,0,0,0,0,4,,2172,504,2172000,504000,3718
TE-AZ-90,TE,AZ,90,TE-AZ-090,0,Cuahutlacingo,,,,,,2177.55,523,2355,0,0,0,,Lower Piedmont,Shallow,,,,Slight-Moderate,,,,,,,"Graz, Agri, & Set",,620,120,31,2,,,,,,FALSE,,,,,,,,,,,1430,0,0,,AD,,Lg Disp Village,0,0,0,0,0,2,0,2,2,2,0,4,0,0,0,0,4,,2178,523,2177550,523000,3719
TE-AZ-91,TE,AZ,91,TE-AZ-091,0,,,,,,,2175.9,523,2363,0,0,0,,Lower Piedmont,Shallow,,,,Moderate,,,,,,,Settlement & Agri,,620,80,70,,,,,,,TRUE,,,,,,,,,,,860,0,0,,AD,,Lg Disp Village,0,0,0,0,0,6,0,1,1,1,0,4,0,0,0,0,4,,2176,523,2175900,523000,3720
TE-AZ-92,TE,AZ,92,TE-AZ-092,0,,,,,,,2173.92,504,2408,0,0,0,,Middle Piedmont,Shallow,,,,Moderate,,,,,,,Agricultural,,550,,,,,,,,,FALSE,,,,,,,,,,,50,0,0,,AD,,Hamlet,0,0,0,0,0,0,0,0,0,0,0,1,0,0,0,0,4,,2174,504,2173920,504000,3721
TE-AZ-95,TE,AZ,95,TE-AZ-095,0,,,,,,,2170.39,515,2430,0,0,0,,Middle Piedmont,Unknown,,,,Slight,,,,,,,Grazing & Agri,,620,,,,,,,,,FALSE,,,,,,,,,,,70,0,0,,AD,,Hamlet,0,0,0,0,0,1,0,0,0,0,0,0,0,0,0,0,4,,2170,515,2170390,515000,3722
TE-AZ-96,TE,AZ,96,TE-AZ-096,0,,,,,,,2170.69,516,2500,0,0,0,,Upper Piedmont,Very Shallow,,,,Moderate,,,,,,,Grazing,,620,2.2,,,,,,,,FALSE,,,,,,,,,,,80,0,0,,AD,,Hamlet,0,0,0,0,0,0,0,0,0,0,0,0,0,0,0,0,4,,2171,516,2170690,516000,3723
TE-AZ-97,TE,AZ,97,TE-AZ-097,0,,,,,Different place on Gorenflo Map!!,,2187.95,511,2406,0,0,0,,Middle Piedmont,Shallow,,,,Moderate,,,,,,,Agricultural,,570,4,2,,,,,4205,,FALSE,,,,,,,,,,,,0,0,,AD,,Hamlet,0,0,0,0,0,0,0,1,1,1,1,0,0,0,0,0,4,,2188,511,2187950,511000,3724
TE-AZ-98,TE,AZ,98,TE-AZ-098,0,,,,,,,2170.87,521,2355,0,0,0,,Middle Piedmont,Unknown,,,,Unknown,,,,,,,Unknown,,640,,,,,,,,,FALSE,,,,,,,,,,,,0,0,,AD,,Unknown,0,0,0,0,0,0,0,0,0,0,0,0,0,0,0,0,4,,2171,521,2170870,521000,3725
TE-AZ-99,TE,AZ,99,TE-AZ-099,0,,,,,Classification: Located in general survey and not resurveved. probably a hamlet (is in the same location as the Mazapan site T.T. 12).,,2179.07,511,2350,0,0,0,,Middle Piedmont,Very Shallow,,,,Unknown,,,,,,,Grazing & Agri,,530,,,,,,,,,FALSE,,,,,,,,,,,10,0,0,,AD,,Small Hamlet,0,0,0,0,0,0,0,0,0,0,0,1,0,0,0,0,4,,2179,511,2179070,511000,3726
TE-AZ-101,TE,AZ,101,TE-AZ-101,0,,,,,,,2181.85,529,2449,0,0,0,,Middle Piedmont,Medium,,,,Deep,,,,,,,Settlement & Agri,,610,102,44,,,,,37946.77734,,TRUE,,,,,,,,,,,630,0,0,,AD,,Lg Disp Village,0,0,0,0,0,0,0,0,0,0,0,1,0,1,0,0,4,,2182,529,2181850,529000,3727
TE-AZ-102,TE,AZ,102,TE-AZ-102,0,,,,,,,2180.91,528,2395,0,0,0,,Lower Piedmont,Medium,,,,Moderate,,,,,,,Agricultural,,610,5,2,,,,,2100,,FALSE,,,,,,,,,,,42,0,0,,AD,,Hamlet,0,0,0,0,0,1,0,1,1,1,0,1,0,0,0,0,4,,2181,528,2180910,528000,3728
TE-AZ-103,TE,AZ,103,TE-AZ-103,0,,,,,,,2180.57,530,2420,0,0,0,,Middle Piedmont,Medium,,,,Moderate,,,,,,,"Graz, Agri, & Set",,610,103,66,,,,,42378.48048,,TRUE,,,,,,,,,,,630,0,0,,HC,,Lg Disp Village,0,0,0,0,0,0,0,0,0,0,0,1,0,1,0,0,4,,2181,530,2180570,530000,3729
TE-AZ-104,TE,AZ,104,TE-AZ-104,0,,,,,,,2180.28,531,2485,0,0,0,,Middle Piedmont,Shallow,,,,Slight,,,,,,,Grazing & Agri,,610,6,2,,,,,,,FALSE,,,,,,,,,,,42,0,0,,AD,,Hamlet,0,0,0,0,0,0,0,0,0,0,0,0,0,0,0,0,4,,2180,531,2180280,531000,3730
TE-AZ-105,TE,AZ,105,TE-AZ-105,0,,,,,,,2180.85,530,2450,0,0,0,,Middle Piedmont,Medium,,,,Moderate,,,,,,,Agricultural,,610,5,2,,,,,4218.75,,FALSE,,,,,,,,,,,42,0,0,,AD,,Hamlet,0,0,0,0,0,0,0,0,0,0,0,1,0,1,0,0,4,,2181,530,2180850,530000,3731
TE-AZ-106,TE,AZ,106,TE-AZ-106,0,,,,,,,2180.35,529,2401,0,0,0,,Middle Piedmont,Medium,,,,Moderate-Deep,,,,,,,Grazing & Agri,,620,14,4,,,,,6807.5,,FALSE,,,,,,,,,,,70,0,0,,AD,,Hamlet,0,0,0,0,0,1,0,0,0,0,0,0,0,0,0,0,4,,2180,529,2180350,529000,3732
TE-AZ-107,TE,AZ,107,TE-AZ-107,0,,,,,,,2180.1,528,2368,0,0,0,,Lower Piedmont,Medium,,,,Moderate,,,,,,,Settlement & Agri,,620,12,,,,,,,,FALSE,,,,,,,,,,,,0,0,,AD,,Sm Disp Village,0,0,0,0,1,1,0,1,1,1,0,0,0,1,0,0,4,,2180,528,2180100,528000,3733
TE-AZ-108,TE,AZ,108,TE-AZ-108,0,,,,,,,2187.99,520,2585,0,0,0,,Upper Piedmont,Shallow,,,,Moderate-Deep,,,,,,,Grazing & Agri,,520,3.5,2,,,,,1000,,FALSE,,,,,,,,,,,,0,0,,AD,,Sm Disp Village,0,0,0,0,1,0,0,0,0,0,0,0,0,0,0,0,4,,2188,520,2187990,520000,3734
TE-AZ-109,TE,AZ,109,TE-AZ-109,0,,,,,,,2187.12,519,2560,0,0,0,,Upper Piedmont,Medium-Deep,,,,Moderate-Deep,,,,,,,Grazing & Agri,,520,9.5,,,,,,,,FALSE,,,,,,,,,,,100,0,0,,AD,,Hamlet,0,0,0,0,0,1,0,0,0,0,0,1,0,1,0,0,4,,2187,519,2187120,519000,3735
TE-AZ-110,TE,AZ,110,TE-AZ-110,0,,,,,,,2187.15,519,2555,0,0,0,,Upper Piedmont,Medium-Deep,,,,Moderate-Deep,,,,,,,Grazing & Agri,,520,1.6,,,,,,,,FALSE,,,,,,,,,,,,0,0,,AD,,Small Hamlet,0,0,0,0,0,0,0,0,0,0,0,1,0,0,0,0,4,,2187,519,2187150,519000,3736
TE-AZ-111,TE,AZ,111,TE-AZ-111,0,,,,,,,2186.72,520,2590,0,0,0,,Upper Piedmont,Medium,,,,Moderate-Deep,,,,,,,Grazing & Agri,,530,3.8,,,,,,,,FALSE,,,,,,,,,,,,0,0,,AD,,Hamlet,0,0,0,0,0,0,0,0,0,0,0,0,0,1,0,0,4,,2187,520,2186720,520000,3737
TE-AZ-112,TE,AZ,112,TE-AZ-112,0,,,,,,,2186.19,520,2630,0,0,0,,Upper Piedmont,Medium-Deep,,,,Moderate,,,,,,,Grazing & Agri,,530,6,,,,,,,,FALSE,,,,,,,,,,,,0,0,,AD,,Hamlet,0,0,0,0,0,0,0,0,0,0,0,0,0,1,0,0,4,,2186,520,2186190,520000,3738
TE-AZ-113,TE,AZ,113,TE-AZ-113,0,,,,,,,2186,519,2680,0,0,0,,Upper Piedmont,Medium-Deep,,,,Deep,,,,,,,Grazing & Agri,,520,8.4,,,,,,,,FALSE,,,,,,,,,,,100,0,0,,AD,,Hamlet,0,0,0,0,1,2,0,0,0,0,0,1,0,0,0,0,4,,2186,519,2186000,519000,3739
TE-AZ-114,TE,AZ,114,TE-AZ-114,0,,,,,,,2187.17,518,2543,0,0,0,,Upper Piedmont,Medium-Deep,,,,Moderate-Deep,,,,,,,"Graz, Agri, & Set",,520,11,,,,,,,,FALSE,,,,,,,,,,,150,0,0,,AD,,Sm Disp Village,0,0,0,0,1,1,0,0,0,0,0,0,0,1,0,0,4,,2187,518,2187170,518000,3740
TE-AZ-115,TE,AZ,115,TE-AZ-115,0,,,,,,,2186.92,519,2570,0,0,0,,Upper Piedmont,Medium-Deep,,,,Moderate-Deep,,,,,,,"Graz, Agri, & Set",,520,34,9,,,,,,,FALSE,,,,,,,,,,,400,0,0,,AD,,Sm Nucl Village,0,0,0,0,0,2,0,0,0,0,0,2,0,1,0,0,4,,2187,519,2186920,519000,3741
TE-AZ-116,TE,AZ,116,TE-AZ-116,0,,,,,,,2186.72,520,2640,0,0,0,,Upper Piedmont,Unknown,,,,Unknown,,,,,,,Grazing,,520,,,,,,,,,FALSE,,,,,,,,,,,0,0,0,,AD,,Ceremonial Ctr,0,0,0,0,1,2,0,1,1,0,0,0,0,0,0,0,4,,2187,520,2186720,520000,3742
TE-AZ-117,TE,AZ,117,TE-AZ-117,0,,,,,,,2182.74,522,2535,0,0,0,,Upper Piedmont,Unknown,,,,Unknown,,,,,,,Unknown,,600,,,,,,,,,FALSE,,,,,,,,,,,0,0,0,,AD,,Ceremonial Ctr,0,0,0,0,0,0,0,0,0,0,0,0,0,0,0,0,4,,2183,522,2182740,522000,3743
TE-AZ-118,TE,AZ,118,TE-AZ-118,0,,,,,,,2175.93,530,2570,0,0,0,,Upper Piedmont,Unknown,,,,Unknown,,,,,,,Grazing,,640,,,,,,,,,FALSE,,,,,,,,,,,0,0,0,,AD,,Ceremonial Ctr,0,0,0,0,0,0,0,0,0,0,0,0,0,0,0,0,4,,2176,530,2175930,530000,3744
TE-AZ-121,TE,AZ,121,TE-AZ-121,0,,,,,,,2189.7,516,2450,0,0,0,,Middle Piedmont,Unknown,,,,Unknown,,,,,,,Unknown,,540,,,,,,,,,FALSE,,,,,,,,,,,,0,0,,AD,,Hamlet,0,0,0,0,0,0,0,0,0,0,0,0,0,0,0,0,4,,2190,516,2189700,516000,3745
TE-AZ-122,TE,AZ,122,TE-AZ-122,0,,,,,,,2189,518,2500,0,0,0,,Upper Piedmont,Unknown,,,,Unknown,,,,,,,Unknown,,520,,,,,,,,,FALSE,,,,,,,,,,,,0,0,,AD,,Hamlet,0,0,0,0,0,0,0,0,0,0,0,0,0,0,0,0,4,,2189,518,2189000,518000,3746
TE-AZ-123,TE,AZ,123,TE-AZ-123,0,,,,,,,2188.97,522,2418,0,0,0,,Middle Piedmont,Shallow,,,,Moderate,,,,,,,Grazing & Agri,,510,1.5,,,,,,,,FALSE,,,,,,,,,,,,0,0,,AD,,Hamlet,0,0,0,0,0,1,0,1,1,0,0,1,0,0,0,0,4,,2189,522,2188970,522000,3747
TE-AZ-124,TE,AZ,124,TE-AZ-124,0,,,,,,,2188.01,522,2470,0,0,0,,Middle Piedmont,Shallow,,,,Moderate,,,,,,,Grazing & Agri,,520,9,7,,,,,5334,,FALSE,,,,,,,,,,,,0,0,,AD,,Sm Disp Village,0,0,0,0,0,1,0,1,1,1,0,1,0,0,0,0,4,,2188,522,2188010,522000,3748
TE-AZ-125,TE,AZ,125,TE-AZ-125,0,,,,,,,2189.65,525,2485,0,0,0,,Middle Piedmont,Unknown,,,,Unknown,,,,,,,Unknown,,510,,,,,,,,,FALSE,,,,,,,,,,,,0,0,,AD,,Sm Disp Village,0,0,0,0,0,0,0,0,0,0,0,0,0,0,0,0,4,,2190,525,2189650,525000,3749
TE-AZ-126,TE,AZ,126,TE-AZ-126,0,,,,,,,2188,524,2530,0,0,0,,Upper Piedmont,Unknown,,,,Unknown,,,,,,,Unknown,,520,,,,,,,,,FALSE,,,,,,,,,,,,0,0,,AD,,Hamlet,0,0,0,0,0,0,0,0,0,0,0,0,0,0,0,0,4,,2188,524,2188000,524000,3750
TE-AZ-128,TE,AZ,128,TE-AZ-128,0,,,,,,,2187.08,515,2452,0,0,0,,Middle Piedmont,Shallow,,,,Slight,,,,,,,Grazing & Agri,,550,8,10,,,,,,,FALSE,,,,,,,,,,,,0,0,,AD,,Hamlet,0,0,0,0,0,0,0,1,1,1,0,1,0,0,0,0,4,,2187,515,2187080,515000,3751
TE-AZ-129,TE,AZ,129,TE-AZ-129,0,,,,,,,2187.29,514,2465,0,0,0,,Middle Piedmont,Unknown,,,,Unknown,,,,,,,Unknown,,560,,,,,,,,,FALSE,,,,,,,,,,,,0,0,,AD,,Unknown,0,0,0,0,0,0,0,0,0,0,0,0,0,0,0,0,4,,2187,514,2187290,514000,3752
TE-AZ-133,TE,AZ,133,TE-AZ-133,0,,,,,,,2183,510,2365,0,0,0,,Middle Piedmont,Unknown,,,,Unknown,,,,,,,Unknown,,570,20,20,,,,,,,FALSE,,,,,,,,,,,,0,0,,AD,,Hamlet,0,0,0,0,0,0,0,0,0,0,0,1,0,0,0,0,4,,2183,510,2183000,510000,3753
TE-AZ-134,TE,AZ,134,TE-AZ-134,0,,,,,,,2181.89,510,2405,0,0,0,,Middle Piedmont,Unknown,,,,Unknown,,,,,,,Unknown,,560,7,,,,,,,,FALSE,,,,,,,,,,,,0,0,,AD,,Hamlet,0,0,0,0,0,0,0,0,0,0,0,1,0,0,0,0,4,,2182,510,2181890,510000,3754
TE-AZ-135,TE,AZ,135,TE-AZ-135,0,,,,,,,2181.81,511,2413,0,0,0,,Middle Piedmont,Unknown,,,,Unknown,,,,,,,Unknown,,550,,3,,,,,,,FALSE,,,,,,,,,,,,0,0,,AD,,Hamlet,0,0,0,0,0,0,0,0,0,0,0,0,0,0,0,0,4,,2182,511,2181810,511000,3755
TE-AZ-136,TE,AZ,136,TE-AZ-136,0,,,,,,,2183,511,2450,0,0,0,,Middle Piedmont,Medium,,,,Deep,,,,,,,Grazing & Agri,,560,8.5,1,,,,,320,,FALSE,,,,,,,,,,,,0,0,,AD,,Sm Nucl Village,0,0,0,0,1,2,0,0,1,0,0,1,0,0,0,0,4,,2183,511,2183000,511000,3756
TE-AZ-137,TE,AZ,137,TE-AZ-137,0,,,,,,,2182.82,512,2470,0,0,0,,Middle Piedmont,Unknown,,,,Unknown,,,,,,,Unknown,,550,24,30,,,,,,,FALSE,,,,,,,,,,,,0,0,,AD,,Sm Disp Village,0,0,0,0,0,1,0,0,0,0,1,1,0,0,0,0,4,,2183,512,2182820,512000,3757
TE-AZ-138,TE,AZ,138,TE-AZ-138,0,,,,,,,2182.12,522,2455,0,0,0,,Middle Piedmont,Unknown,,,,Unknown,,,,,,,Unknown,,550,,,,,,,,,FALSE,,,,,,,,,,,0,0,0,,AD,,Ceremonial Ctr,0,0,0,0,0,0,0,0,0,0,0,1,0,0,0,0,4,,2182,522,2182120,522000,3758
TE-AZ-140,TE,AZ,140,TE-AZ-140,0,,,,,,,2182.28,516,2450,0,0,0,,Middle Piedmont,Shallow,,,,Medium,,,,,,,Grazing & Agri,,530,6.8,3,,,,,,,FALSE,,,,,,,,,,,,0,0,,AD,,Hamlet,0,0,0,0,2,1,0,1,1,0,0,1,0,0,0,0,4,,2182,516,2182280,516000,3759
TE-AZ-142,TE,AZ,142,TE-AZ-142,0,,,,,,,2181.85,516,2425,0,0,0,,Middle Piedmont,Medium-Deep,,,,Deep,,,,,,,Agricultural,,540,4.7,,,,,,,,FALSE,,,,,,,,,,,,0,0,,AD,,Hamlet,0,0,0,0,0,0,0,0,0,0,0,0,0,0,0,0,4,,2182,516,2181850,516000,3760
TE-AZ-143,TE,AZ,143,TE-AZ-143,0,,,,,,,2181.26,517,2452,0,0,0,,Middle Piedmont,Medium,,,,Slight,,,,,,,Grazing & Agri,,560,23.9,1,,,,,,,FALSE,,,,,,,,,,,960,0,0,,AD,,Lg Disp Village,0,0,0,0,0,1,0,2,2,2,1,1,0,0,0,0,4,,2181,517,2181260,517000,3761
TE-AZ-145,TE,AZ,145,TE-AZ-145,0,,,,,,,2180,514,2415,0,0,0,,Middle Piedmont,Medium-Deep,,,,Moderate,,,,,,,Agricultural,,540,,,,,,,,,FALSE,,,,,,,,,,,,0,0,,AD,,Hamlet,0,0,0,0,1,5,0,0,0,0,0,0,0,0,0,0,4,,2180,514,2180000,514000,3762
TE-AZ-146,TE,AZ,146,TE-AZ-146,0,,,,,,,2178.88,513,2415,0,0,0,,Middle Piedmont,Unknown,,,,Deep,,,,,,,Grazing,,540,,,,,,,,,FALSE,,,,,,,,,,,,0,0,,AD,,Hamlet,0,0,0,0,1,1,0,0,0,0,0,0,0,0,0,0,4,,2179,513,2178880,513000,3763
TE-AZ-154,TE,AZ,154,TE-AZ-154,0,Teotihuacan,,,,,,2176.95,516,2288,0,0,0,,Lower Piedmont,Unknown,,,,Unknown,,,,,,,"Graz, Agri, & Set",,620,2143.7,,,,,,,,FALSE,,,,,,,,,,,39628,0,0,,AD,,Provincial Ctr,0,0,0,0,5,12,0,1,1,1,3,3,0,0,0,0,4,,2177,516,2176950,516000,3764
TE-AZ-157,TE,AZ,157,TE-AZ-157,0,,,,,,,2176.04,509,2269,0,0,0,,Deep Soil Alluvium,Medium,,,,Moderate,,,,,,,Agricultural,,540,11.5,4,,,,,36125,,FALSE,,,,,,,,,,,,0,0,,AD,,Hamlet,0,0,0,0,0,2,0,1,1,1,0,1,0,0,0,0,4,,2176,509,2176040,509000,3765
TE-AZ-162,TE,AZ,162,TE-AZ-162,0,,,,,,,2168.51,509,2259,0,0,0,,Deep Soil Alluvium,Deep,,,,Slight,,,,,,,"Agri, Set, & Quar",,610,40,,,,,,,,FALSE,,,,,,,,,,,,0,0,,AD,,Lg Nucl Village,0,0,0,0,1,0,0,2,2,2,1,1,0,0,0,0,4,,2169,509,2168510,509000,3766
TE-AZ-167,TE,AZ,167,TE-AZ-167,0,,,,,,,2164.7,513,2260,0,0,0,,Lower Piedmont,Unknown,,,,Unknown,,,,,,,Unknown,,630,,,,,,,,,FALSE,,,,,,,,,,,,0,0,,AD,,Unknown,0,0,0,0,0,0,0,0,0,0,0,0,0,0,0,0,4,,2165,513,2164700,513000,3767
TE-AZ-182,TE,AZ,182,TE-AZ-182,0,,,,,,,2184.07,518,3055,0,0,0,,Sierra,Shallow-Medium,,,,Slight,,,,,,,None,,540,,,,,,,,,FALSE,,,,,,,,,,,,0,0,,AD,,Ceremonial Ctr,0,0,0,0,0,0,0,0,1,0,0,1,0,0,0,0,4,,2184,518,2184070,518000,3768
TE-AZ-183,TE,AZ,183,TE-AZ-183,0,,,,,,,2179.02,513,2420,0,0,0,,Middle Piedmont,Unknown,,,,Unknown,,,,,,,Unknown,,550,,,,,,,,,FALSE,,,,,,,,,,,,0,0,,AD,,Ceremonial Ctr,0,0,0,0,0,0,0,0,0,0,0,0,0,0,0,0,4,,2179,513,2179020,513000,3769
TE-AZ-184,TE,AZ,184,TE-AZ-184,0,,,,,,,2173,504,2400,0,0,0,,Middle Piedmont,Unknown,,,,Unknown,,,,,,,Unknown,,550,,,,,,,,,FALSE,,,,,,,,,,,,0,0,,AD,,Ceremonial Ctr,0,0,0,0,0,0,0,0,0,0,0,0,0,0,0,0,4,,2173,504,2173000,504000,3770
TE-AZ-185,TE,AZ,185,TE-AZ-185,0,,,,,,,2172.82,517,2405,0,0,0,,Middle Piedmont,Shallow,,,,Unknown,,,,,,,Grazing,,620,,,,,,,,,FALSE,,,,,,,,,,,,0,0,,AD,,Ceremonial Ctr,0,0,0,0,0,0,0,1,1,1,0,0,0,0,0,0,4,,2173,517,2172820,517000,3771
TE-AZ-189,TE,AZ,189,TE-AZ-189,0,,,,,,,2169.65,521,2480,0,0,0,,Middle Piedmont,Unknown,,,,Unknown,,,,,,,Unknown,,640,,,,,,,,,FALSE,,,,,,,,,,,,0,0,,AD,,Unknown,0,0,0,0,0,0,0,0,0,0,0,0,0,0,0,0,4,,2170,521,2169650,521000,3772
TE-AZ-190,TE,AZ,190,TE-AZ-190,0,,,,,,,2171.7,521,2345,0,0,0,,Lower Piedmont,Shallow,,,,Moderate-Deep,,,,,,,Agricultural,,630,23,,,,,,,,FALSE,,,,,,,,,,,230,0,0,,AD,,Sm Disp Village,0,0,0,0,0,0,0,0,0,0,0,0,0,0,0,0,4,,2172,521,2171700,521000,3773
TE-AZ-191,TE,AZ,191,TE-AZ-191,0,,,,,,,2169.15,519,2505,0,0,0,,Upper Piedmont,Unknown,,,,Unknown,,,,,,,Unknown,,640,,,,,,,,,FALSE,,,,,,,,,,,,0,0,,AD,,Hamlet,0,0,0,0,0,0,0,0,0,0,0,0,0,0,0,0,4,,2169,519,2169150,519000,3774
TE-AZ-192,TE,AZ,192,TE-AZ-192,0,,,,,,,2168.55,518,2500,0,0,0,,Upper Piedmont,Unknown,,,,Unknown,,,,,,,Unknown,,640,,,,,,,,,FALSE,,,,,,,,,,,,0,0,,AD,,Hamlet,0,0,0,0,0,0,0,0,0,0,0,0,0,0,0,0,4,,2169,518,2168550,518000,3775
TE-AZ-193,TE,AZ,193,TE-AZ-193,0,,,,,,,2168.08,522,2425,0,0,0,,Middle Piedmont,Shallow,,,,Slight,,,,,,,None,,650,,,,,,,,,FALSE,,,,,,,,,,,,0,0,,AD,,Hamlet,0,0,0,2,1,0,0,0,0,0,0,0,0,0,0,0,4,,2168,522,2168080,522000,3776
TE-AZ-194,TE,AZ,194,TE-AZ-194,0,,,,,,,2170.05,522,2400,0,0,0,,Middle Piedmont,Unknown,,,,Unknown,,,,,,,Unknown,,650,,,,,,,,,FALSE,,,,,,,,,,,,0,0,,AD,,Hamlet,0,0,0,0,0,0,0,0,0,0,0,0,0,0,0,0,4,,2170,522,2170050,522000,3777
TE-AZ-195,TE,AZ,195,TE-AZ-195,0,,,,,,,2170.66,523,2395,0,0,0,,Middle Piedmont,Unknown,,,,Unknown,,,,,,,Unknown,,650,,,,,,,,,FALSE,,,,,,,,,,,,0,0,,AD,,Hamlet,0,0,0,0,0,1,0,0,0,0,0,0,0,0,0,0,4,,2171,523,2170660,523000,3778
TE-AZ-196,TE,AZ,196,TE-AZ-196,0,,,,,,,2170.55,522,2396,0,0,0,,Middle Piedmont,Very Shallow,,,,Unknown,,,,,,,Unknown,,640,21,,,,,,,,FALSE,,,,,,,,,,,,0,0,,AD,,Hamlet,0,0,0,0,0,1,0,0,0,0,0,0,0,0,0,0,4,,2171,522,2170550,522000,3779
TE-AZ-197,TE,AZ,197,TE-AZ-197,0,,,,,,,2166.6,523,2405,0,0,0,,Middle Piedmont,Unknown,,,,Unknown,,,,,,,None,,660,,,,,,,,,FALSE,,,,,,,,,,,,0,0,,AD,,Hamlet,0,0,0,0,0,1,0,0,0,0,0,0,0,0,0,0,4,,2167,523,2166600,523000,3780
TE-AZ-198,TE,AZ,198,TE-AZ-198,0,,,,,,,2169.32,523,2406,0,0,0,,Middle Piedmont,Unknown,,,,Unknown,,,,,,,Grazing & Agri,,650,,,,,,,,,FALSE,,,,,,,,,,,,0,0,,AD,,Hamlet,0,0,0,0,0,0,0,1,1,1,0,0,0,0,0,0,4,,2169,523,2169320,523000,3781
TE-AZ-199,TE,AZ,199,TE-AZ-199,0,,,,,,,2167.87,525,2515,0,0,0,,Upper Piedmont,Very Shallow,,,,Slight,,,,,,,Settlement & Agri,,670,,,,,,,,,FALSE,,,,,,,,,,,,0,0,,AD,,Hamlet,0,0,0,2,1,1,0,0,0,0,0,0,0,0,0,0,4,,2168,525,2167870,525000,3782
TE-AZ-200,TE,AZ,200,TE-AZ-200,0,,,,,,,2169.8,527,2600,0,0,0,,Upper Piedmont,Unknown,,,,Unknown,,,,,,,Unknown,,660,,,,,,,,,FALSE,,,,,,,,,,,,0,0,,AD,,Hamlet,0,0,0,0,0,0,0,0,0,0,0,0,0,0,0,0,4,,2170,527,2169800,527000,3783
TE-AZ-201,TE,AZ,201,TE-AZ-201,0,,,,,,,2170.75,527,2598,0,0,0,,Upper Piedmont,Unknown,,,,Unknown,,,,,,,Unknown,,660,,,,,,,,,FALSE,,,,,,,,,,,,0,0,,AD,,Hamlet,0,0,0,0,0,0,0,0,0,0,0,0,0,0,0,0,4,,2171,527,2170750,527000,3784
TE-AZ-202,TE,AZ,202,TE-AZ-202,0,,,,,,,2170.18,526,2573,0,0,0,,Upper Piedmont,Unknown,,,,Unknown,,,,,,,Unknown,,660,,,,,,,,,FALSE,,,,,,,,,,,,0,0,,AD,,Sm Disp Village,0,0,0,0,0,0,0,0,0,0,0,0,0,0,0,0,4,,2170,526,2170180,526000,3785
TE-AZ-203,TE,AZ,203,TE-AZ-203,0,Oxtotipac,,,,,,2173.3,522,2360,0,0,0,,Middle Piedmont,Very Shallow,,,,Deep,,,,,,,"Graz, Agri, & Set",,630,33,,,,,,,,FALSE,,,,,,,,,,,,0,0,,AD,,Lg Disp Village,0,0,0,1,1,12,0,2,2,2,1,6,0,0,0,0,4,,2173,522,2173300,522000,3786
TE-AZ-204,TE,AZ,204,TE-AZ-204,0,,,,,,,2173.74,524,2408,0,0,0,,Middle Piedmont,Medium,,,,Moderate,,,,,,,Agricultural,,640,16.5,22,,,,,,,FALSE,,,,,,,,,,,,0,0,,AD,,Sm Disp Village,0,0,0,0,0,0,0,1,1,1,1,1,0,0,0,0,4,,2174,524,2173740,524000,3787
TE-AZ-205,TE,AZ,205,TE-AZ-205,0,,,,,,,2171.5,529,2618,0,0,0,,Upper Piedmont,Very Shallow,,,,Deep,,,,,,,Grazing & Agri,,660,4,,,,,,,,FALSE,,,,,,,,,,,,0,0,,AD,,Hamlet,0,0,0,0,0,0,0,0,0,0,0,1,0,0,0,0,4,,2172,529,2171500,529000,3788
TE-AZ-206,TE,AZ,206,TE-AZ-206,0,,,,,,,2171.97,530,2678,0,0,0,,Upper Piedmont,Unknown,,,,Unknown,,,,,,,Unknown,,660,,,,,,,,,FALSE,,,,,,,,,,,0,0,0,,AD,,Ceremonial Ctr,0,0,0,0,0,0,0,0,0,0,0,0,0,0,0,0,4,,2172,530,2171970,530000,3789
TE-AZ-210,TE,AZ,210,TE-AZ-210,0,,,,,,,2175.9,528,2433,0,0,0,,Middle Piedmont,Unknown,,,,Slight,,,,,,,Settlement,,640,39,,,,,,,,FALSE,,,,,,,,,,,,0,0,,AD,,Sm Disp Village,0,0,0,0,0,0,0,0,0,0,0,1,0,0,0,0,4,,2176,528,2175900,528000,3790
TE-AZ-212,TE,AZ,212,TE-AZ-212,0,,,,,,,2174.3,532,2660,0,0,0,,Middle Piedmont,Unknown,,,,Unknown,,,,,,,Unknown,,650,,,,,,,,,FALSE,,,,,,,,,,,,0,0,,AD,,Hamlet,0,0,0,0,0,0,0,0,0,0,0,0,0,0,0,0,4,,2174,532,2174300,532000,3791
TE-AZ-213,TE,AZ,213,TE-AZ-213,0,,,,,,,2173.05,532,2680,0,0,0,,Middle Piedmont,Medium-Deep,,,,Moderate-Deep,,,,,,,Settlement & Agri,,650,,,,,,,,,FALSE,,,,,,,,,,,,0,0,,AD,,Hamlet,0,0,0,0,0,0,0,0,0,0,0,0,0,0,0,0,4,,2173,532,2173050,532000,3792
TE-AZ-214,TE,AZ,214,TE-AZ-214,0,,,,,,,2183.48,526,2432,0,0,0,,Lower Piedmont,Medium,,,,Moderate,,,,,,,Agricultural,,610,147,,,,,,,,FALSE,,,,,,,,,,,600,0,0,,AD,,Lg Disp Village,0,0,0,0,0,1,0,1,1,0,0,1,0,0,0,0,4,,2183,526,2183480,526000,3793
TE-AZ-216,TE,AZ,216,TE-AZ-216,0,,,,,,,2181.03,527,2385,0,0,0,,Lower Piedmont,Medium,,,,Slight,,,,,,,Agricultural,,610,44,,,,,,,,FALSE,,,,,,,,,,,,0,0,,AD,,Lg Disp Village,0,0,0,0,0,1,0,1,1,1,1,1,0,0,0,0,4,,2181,527,2181030,527000,3794
TE-AZ-218,TE,AZ,218,TE-AZ-218,0,,,,,,,2187.85,519,2550,0,0,0,,Upper Piedmont,Unknown,,,,Unknown,,,,,,,Unknown,,520,,,,,,,,,FALSE,,,,,,,,,,,,0,0,,AD,,Hamlet,0,0,0,0,0,0,0,0,0,0,0,0,0,0,0,0,4,,2188,519,2187850,519000,3795
TE-AZ-219,TE,AZ,219,TE-AZ-219,0,,,,,,,2177.61,511,2322,0,0,0,,Lower Piedmont,Medium-Deep,,,,Moderate-Deep,,,,,,,Grazing & Agri,,540,36,70,,,,,,,TRUE,,,,,,,,,,,564,0,0,,HC,,Lg Nucl Village,0,0,0,0,0,2,0,1,1,1,0,1,0,1,0,0,4,,2178,511,2177610,511000,3796
TE-AZ-223,TE,AZ,223,TE-AZ-223,0,,,,,,,2186.9,518,2572,0,0,0,,Upper Piedmont,Shallow-Medium,,,,Slight,,,,,,,Agricultural,,520,8,1,,,,,,,FALSE,,,,,,,,,,,100,0,0,,AD,,Hamlet,0,0,0,0,0,0,0,0,0,0,0,1,0,0,0,0,4,,2187,518,2186900,518000,3797
TE-AZ-224,TE,AZ,224,TE-AZ-224,0,,,,,,,2187,517,2520,0,0,0,,Upper Piedmont,Shallow-Medium,,,,Moderate,,,,,,,"Graz, Agri, & Set",,530,,15,,,,,14051,,FALSE,,,,,,,,,,,,0,0,,AD,,Sm Disp Village,0,0,0,0,0,0,0,1,1,1,0,1,0,0,0,0,4,,2187,517,2187000,517000,3798
TE-AZ-225,TE,AZ,225,TE-AZ-225,0,,,,,,,2187.7,516,2485,0,0,0,,Middle Piedmont,Shallow,,,,Moderate,,,,,,,Agricultural,,540,4.5,27,,,,,,,FALSE,,,,,,,,,,,,0,0,,AD,,Hamlet,0,0,0,0,0,0,0,1,1,1,0,0,0,0,0,0,4,,2188,516,2187700,516000,3799
TE-AZ-226,TE,AZ,226,TE-AZ-226,0,,,,,,,2188.5,515,2436,0,0,0,,Middle Piedmont,Very Shallow,,,,Deep,,,,,,,Agricultural,,550,5,9,,,,,,,TRUE,,,,,,,,,,,100,0,0,,AD,,Hamlet,0,0,0,0,0,0,0,0,0,0,0,2,0,0,0,0,4,,2188,515,2188500,515000,3800
TE-AZ-230,TE,AZ,230,TE-AZ-230,0,,,,,,,2173.32,515,2300,0,0,0,,Lower Piedmont,Shallow,,,,Moderate-Deep,,,,,,,"Graz, Agri, & Set",,610,88,,,,,,,,FALSE,,,,,,,,,,,1627,0,0,,AD,,Lg Nucl Village,0,0,0,0,0,3,0,1,1,1,1,1,0,0,0,0,4,,2173,515,2173320,515000,3801
TE-AZ-231,TE,AZ,231,TE-AZ-231,0,,,,,,,2170.88,515,2402,0,0,0,,Middle Piedmont,Medium,,,,Moderate,,,,,,,Grazing,,620,44,,,,,,,,FALSE,,,,,,,,,,,210,0,0,,AD,,Sm Disp Village,0,0,0,0,0,0,0,1,1,1,0,0,0,0,0,0,4,,2171,515,2170880,515000,3802
TE-AZ-232,TE,AZ,232,TE-AZ-232,0,,,,,,,2171.85,514,2348,0,0,0,,Lower Piedmont,Shallow,,,,Deep,,,,,,,"Graz, Agri, & Set",,610,63,,,,,,,,FALSE,,,,,,,,,,,175,0,0,,AD,,Sm Disp Village,0,0,0,0,0,0,0,0,0,0,1,1,0,0,0,0,4,,2172,514,2171850,514000,3803
TE-AZ-233,TE,AZ,233,TE-AZ-233,0,,,,,,,2173,517,2373,0,0,0,,Lower Piedmont,Very Shallow,,,,Moderate,,,,,,,Grazing & Agri,,620,194,,,,,,,,FALSE,,,,,,,,,,,330,0,0,,AD,,Sm Disp Village,0,0,0,0,0,0,0,1,1,1,0,0,0,0,0,0,4,,2173,517,2173000,517000,3804
TE-AZ-234,TE,AZ,234,TE-AZ-234,0,,,,,,,,,,0,0,0,,Lower Piedmont,Medium,,,,Slight,,,,,,,Settlement & Agri,,640,97,59,,,,,,,FALSE,,,,,,,,,,,490,0,0,,AD,,Sm Disp Village,0,0,0,0,0,0,1,1,1,1,1,1,0,0,0,0,4,,,,,,9999
TE-AZ-235,TE,AZ,235,TE-AZ-235,0,,,,,,,2171.92,519,2425,0,0,0,,Middle Piedmont,Very Shallow,,,,Moderate-Deep,,,,,,,Agricultural,,630,375,,,,,,,,FALSE,,,,,,,,,,,490,0,0,,AD,,Sm Disp Village,0,0,0,1,3,5,0,0,0,0,0,1,0,0,0,0,4,,2172,519,2171920,519000,3805
TE-AZ-236,TE,AZ,236,TE-AZ-236,0,,,,,,,2172.66,521,2324,0,0,0,,Lower Piedmont,Medium,,,,Slight,,,,,,,Settlement & Agri,,640,329,,,,,,,,FALSE,,,,,,,,,,,455,0,0,,AD,,Sm Disp Village,0,0,0,0,0,8,0,2,2,2,0,5,0,0,0,0,4,,2173,521,2172660,521000,3806
TE-AZ-237,TE,AZ,237,TE-AZ-237,0,,,,,,,2170.68,520,2415,0,0,0,,Middle Piedmont,Medium,,,,Moderate,,,,,,,"Graz, Agri, & Set",,640,148,,,,,,,,FALSE,,,,,,,,,,,140,0,0,,AD,,Sm Disp Village,0,0,0,1,1,5,0,0,0,0,0,1,0,0,0,0,4,,2171,520,2170680,520000,3807
TE-AZ-238,TE,AZ,238,TE-AZ-238,0,,,,,,,2169.35,522,2405,0,0,0,,Middle Piedmont,Very Shallow,,,,Moderate-Deep,,,,,,,Grazing,,650,58,,,,,,,,FALSE,,,,,,,,,,,85,0,0,,AD,,Hamlet,0,0,0,0,0,1,0,1,1,1,0,0,0,0,0,0,4,,2169,522,2169350,522000,3808
TE-AZ-240,TE,AZ,240,TE-AZ-240,0,,,,,,,2181.7,525,2359,0,0,0,,Lower Piedmont,Shallow-Medium,,,,Deep,,,,,,,Agricultural,,610,98,,,,,,,,FALSE,,,,,,,,,,,,0,0,,AD,,Sm Disp Village,0,0,0,0,0,0,0,0,0,0,0,1,0,0,0,0,4,,2182,525,2181700,525000,3809
TE-AZ-241,TE,AZ,241,TE-AZ-241,0,,,,,,,2183.11,523,2475,0,0,0,,Middle Piedmont,Shallow,,,,Moderate,,,,,,,Settlement & Agri,,610,93,,,,,,,,FALSE,,,,,,,,,,,350,0,0,,AD,,Sm Disp Village,0,0,0,0,0,0,0,0,0,0,0,1,0,0,0,0,4,,2183,523,2183110,523000,3810
TE-AZ-242,TE,AZ,242,TE-AZ-242,0,,,,,,,2183.21,521,2560,0,0,0,,Upper Piedmont,Very Shallow,,,,Deep,,,,,,,"Graz, Agri, & Qua",,570,94,,,,,,,,FALSE,,,,,,,,,,,175,0,0,,AD,,Sm Disp Village,0,0,0,0,0,0,0,0,0,0,0,0,0,0,0,0,4,,2183,521,2183210,521000,3811
TE-AZ-243,TE,AZ,243,TE-AZ-243,0,,,,,,,2185.55,520,2720,0,0,0,,Upper Piedmont,Shallow,,,,Deep,,,,,,,Agricultural,,540,87,,,,,,,,FALSE,,,,,,,,,,,350,0,0,,AD,,Sm Disp Village,0,0,0,0,0,0,0,0,0,0,0,0,0,0,0,0,4,,2186,520,2185550,520000,3812
TE-AZ-244,TE,AZ,244,TE-AZ-244,0,,,,,,,2185.09,522,2560,0,0,0,,Upper Piedmont,Shallow,,,,Slight,,,,,,,Agricultural,,560,98,,,,,,,,FALSE,,,,,,,,,,,350,0,0,,AD,,Sm Disp Village,0,0,0,0,0,0,0,1,1,1,0,0,0,0,0,0,4,,2185,522,2185090,522000,3813
TE-AZ-245,TE,AZ,245,TE-AZ-245,0,,,,,,,2186.03,522,2518,0,0,0,,Upper Piedmont,Shallow,,,,Moderate,,,,,,,Agricultural,,550,188,,,,,,,,FALSE,,,,,,,,,,,210,0,0,,AD,,Sm Disp Village,0,0,0,0,0,0,0,0,0,0,0,0,0,0,0,0,4,,2186,522,2186030,522000,3814
TE-AZ-246,TE,AZ,246,TE-AZ-246,0,,,,,,,2184.4,524,2500,0,0,0,,Middle Piedmont,Very Shallow,,,,Moderate-Deep,,,,,,,"Graz, Agri, & Set",,580,144,,,,,,,,FALSE,,,,,,,,,,,210,0,0,,AD,,Sm Disp Village,0,0,0,0,0,0,0,0,0,0,0,1,0,0,0,0,4,,2184,524,2184400,524000,3815
TE-AZ-247,TE,AZ,247,TE-AZ-247,0,,,,,,,2183.65,525,2425,0,0,0,,Middle Piedmont,Shallow,,,,Moderate-Deep,,,,,,,Settlement & Agri,,610,96,,,,,,,,FALSE,,,,,,,,,,,245,0,0,,AD,,Sm Disp Village,0,0,0,0,0,0,0,0,0,0,0,0,0,0,0,0,4,,2184,525,2183650,525000,3816
TE-AZ-248,TE,AZ,248,TE-AZ-248,0,,,,,,,2170.83,517,2740,0,0,0,,Upper Piedmont,Shallow,,,,Slight,,,,,,,Grazing & Agri,,620,,,,,,,,,FALSE,,,,,,,,,,,,0,0,,AD,,Ceremonial Ctr,0,0,0,0,0,2,0,1,0,0,0,1,0,0,0,0,4,,2171,517,2170830,517000,3817
TE-AZ-250,TE,AZ,250,TE-AZ-250,0,,,,,,,2184.5,523,2560,0,0,0,,Upper Piedmont-Hill,Shallow,,,,Slight,,,,,,,Grazing,,570,0.9,,,,,,,,FALSE,,,,,,,,,,,,0,0,,AD,,Ceremonial Ctr,0,0,0,0,0,0,0,0,0,0,0,0,0,0,0,0,4,,2184,523,2184500,523000,3818
TE-AZ-251,TE,AZ,251,TE-AZ-251,0,,,,,,,2188.49,522,2440,0,0,0,,Middle Piedmont,Shallow,,,,Moderate,,,,,,,Agricultural,,520,1.5,1,,,,,1800,,FALSE,,,,,,,,,,,,0,0,,AD,,Hamlet,0,0,0,0,0,1,0,1,1,0,0,1,0,0,0,0,4,,2188,522,2188490,522000,3819
TE-AZ-252,TE,AZ,252,TE-AZ-252,0,,,,,,,2188.22,522,2455,0,0,0,,Middle Piedmont,Unknown,,,,Slight-Moderate,,,,,,,Agricultural,,520,0.4,,,,,,,,FALSE,,,,,,,,,,,,0,0,,AD,,Hamlet,0,0,0,0,0,0,0,1,1,0,0,1,0,0,0,0,4,,2188,522,2188220,522000,3820
TE-AZ-253,TE,AZ,253,TE-AZ-253,0,,,,,,,2187.68,522,2463,0,0,0,,Middle Piedmont,Shallow,,,,Slight-Moderate,,,,,,,Agricultural,,520,1.7,,,,,,,,FALSE,,,,,,,,,,,,0,0,,AD,,Hamlet,0,0,0,0,0,0,0,1,1,0,0,1,0,0,0,0,4,,2188,522,2187680,522000,3821
TE-AZ-254,TE,AZ,254,TE-AZ-254,0,,,,,,,2187.55,522,2478,0,0,0,,Middle Piedmont,Shallow,,,,Slight-Moderate,,,,,,,Agricultural,,520,0.2,,,,,,,,FALSE,,,,,,,,,,,,0,0,,AD,,Hamlet,0,0,0,0,0,0,0,1,1,0,0,1,0,0,0,0,4,,2188,522,2187550,522000,3822
TE-AZ-255,TE,AZ,255,TE-AZ-255,0,,,,,,,2188.32,521,2498,0,0,0,,Upper Piedmont,Unknown,,,,Moderate,,,,,,,Agricultural,,520,0.7,1,,,,,2750,,FALSE,,,,,,,,,,,,0,0,,AD,,Hamlet,0,0,0,0,0,1,0,1,1,0,0,1,0,0,0,0,4,,2188,521,2188320,521000,3823
TE-AZ-256,TE,AZ,256,TE-AZ-256,0,,,,,,,2188.65,521,2465,0,0,0,,Middle Piedmont,Shallow,,,,Moderate,,,,,,,Agricultural,,520,0.2,1,,,,,600,,FALSE,,,,,,,,,,,,0,0,,AD,,Hamlet,0,0,0,0,0,1,0,1,1,0,0,1,0,0,0,0,4,,2189,521,2188650,521000,3824
TE-AZ-257,TE,AZ,257,TE-AZ-257,0,,,,,,,2188.65,521,2490,0,0,0,,Middle Piedmont,Shallow,,,,Moderate,,,,,,,Grazing & Agri,,520,0.7,4,,,,,1120,,FALSE,,,,,,,,,,,,0,0,,AD,,Hamlet,0,0,0,0,0,1,0,1,1,0,0,1,0,0,0,0,4,,2189,521,2188650,521000,3825
TE-AZ-260,TE,AZ,260,TE-AZ-260,0,,,,,,,2180.95,518,2367,0,0,0,,Middle Piedmont,Unknown,,,,Unknown,,,,,,,Unknown,,560,,,,,,,,,FALSE,,,,,,,,,,,,0,0,,AD,,Hamlet,0,0,0,0,0,0,0,0,0,0,0,0,0,0,0,0,4,,2181,518,2180950,518000,3826
TE-AZ-261,TE,AZ,261,TE-AZ-261,0,,,,,,,2180.45,518,2335,0,0,0,,Lower Piedmont,Unknown,,,,Unknown,,,,,,,Unknown,,570,,,,,,,,,FALSE,,,,,,,,,,,,0,0,,AD,,Hamlet,0,0,0,0,0,0,0,0,0,0,0,0,0,0,0,0,4,,2180,518,2180450,518000,3827
TE-AZ-262,TE,AZ,262,TE-AZ-262,0,,,,,,,2174.45,513,2265,0,0,0,,Deep Soil Alluvium,Unknown,,,,Unknown,,,,,,,Unknown,,590,73,,,,,,,,FALSE,,,,,,,,,,,1349,0,0,,AD,,Lg Nucl Village,0,0,0,0,0,1,0,1,1,1,1,1,0,0,0,0,4,,2174,513,2174450,513000,3828
TE-AZ-263,TE,AZ,263,TE-AZ-263,0,,,,,,,2174.42,516,2281,0,0,0,,Lower Piedmont,Unknown,,,,Unknown,,,,,,,Unknown,,610,22.2,,,,,,,,FALSE,,,,,,,,,,,410,0,0,,AD,,Barrio of Center,0,0,0,0,0,0,0,1,1,1,0,0,0,0,0,0,4,,2174,516,2174420,516000,3829
TE-AZ-264,TE,AZ,264,TE-AZ-264,0,,,,,,,2175.49,519,2300,0,0,0,,Deep Soil Alluvium,Unknown,,,,Unknown,,,,,,,Unknown,,610,53.3,,,,,,,,FALSE,,,,,,,,,,,985,0,0,,AD,,Barrio of Center,0,0,0,0,0,0,0,1,1,1,1,1,0,0,0,0,4,,2175,519,2175490,519000,3830
TE-AZ-265,TE,AZ,265,TE-AZ-265,0,,,,,,,2181.21,528,2385,0,0,0,,Lower Piedmont,Unknown,,,,Unknown,,,,,,,Unknown,,610,,,,,,,,,FALSE,,,,,,,,,,,,0,0,,AD,,Unknown,0,0,0,0,0,0,0,0,0,0,0,0,0,0,0,0,4,,2181,528,2181210,528000,3831
TE-AZ-266,TE,AZ,266,TE-AZ-266,0,,,,,,,2184.75,526,2389,0,0,0,,Lower Piedmont,Unknown,,,,Unknown,,,,,,,Unknown,,590,,,,,,,,,FALSE,,,,,,,,,,,,0,0,,AD,,Unknown,0,0,0,0,0,0,0,0,0,0,0,0,0,0,0,0,4,,2185,526,2184750,526000,3832
TE-AZ-267,TE,AZ,267,TE-AZ-267,0,,,,,,,2184.91,528,2390,0,0,0,,Lower Piedmont,Unknown,,,,Unknown,,,,,,,Unknown,,580,,,,,,,,,FALSE,,,,,,,,,,,,0,0,,AD,,Unknown,0,0,0,0,0,0,0,0,0,0,0,0,0,0,0,0,4,,2185,528,2184910,528000,3833
TE-AZ-268,TE,AZ,268,TE-AZ-268,0,,,,,,,2185.69,528,2395,0,0,0,,Lower Piedmont,Unknown,,,,Unknown,,,,,,,Unknown,,560,,,,,,,,,FALSE,,,,,,,,,,,,0,0,,AD,,Unknown,0,0,0,0,0,0,0,0,0,0,0,0,0,0,0,0,4,,2186,528,2185690,528000,3834
TE-AZ-269,TE,AZ,269,TE-AZ-269,0,,,,,,,2185.79,528,2400,0,0,0,,Lower Piedmont,Unknown,,,,Unknown,,,,,,,Unknown,,560,,,,,,,,,FALSE,,,,,,,,,,,,0,0,,AD,,Unknown,0,0,0,0,0,0,0,0,0,0,0,0,0,0,0,0,4,,2186,528,2185790,528000,3835
TE-AZ-270,TE,AZ,270,TE-AZ-270,0,,,,,,,2186.3,529,2400,0,0,0,,Middle Piedmont,Unknown,,,,Unknown,,,,,,,Unknown,,550,,,,,,,,,FALSE,,,,,,,,,,,,0,0,,AD,,Unknown,0,0,0,0,0,0,0,0,0,0,0,0,0,0,0,0,4,,2186,529,2186300,529000,3836
TE-AZ-271,TE,AZ,271,TE-AZ-271,0,,,,,,,2170.69,529,2670,0,0,0,,Upper Piedmont,Unknown,,,,Unknown,,,,,,,Unknown,,660,,,,,,,,,FALSE,,,,,,,,,,,,0,0,,AD,,Unknown,0,0,0,0,0,2,0,1,1,1,0,0,0,0,0,0,4,,2171,529,2170690,529000,3837
TE-AZ-272,TE,AZ,272,TE-AZ-272,0,,,,,,,2170.51,529,2650,0,0,0,,Upper Piedmont,Unknown,,,,Unknown,,,,,,,Unknown,,660,,,,,,,,,FALSE,,,,,,,,,,,,0,0,,AD,,Unknown,0,0,0,0,0,0,0,1,1,1,0,0,0,0,0,0,4,,2171,529,2170510,529000,3838
